ticker,tier,nS,sumS,sqS,nC,sumC,sqC
NVDA,large,32,-16.721,31.506,704,-198.959,1037.662
BAC,mid,69,5.923,89.141,1353,-208.333,2201.251
GS,large,6,1.880,8.045,685,-163.073,987.497
KLAC,large,15,-2.620,20.611,1168,-249.583,1637.755
SNDK,large,0,0.000,0.000,14,-8.091,13.445
NEE,mid,13,-1.141,15.682,1352,-366.007,2076.431
HTHIY,mid,29,20.799,66.762,1124,-207.889,2162.639
LMT,large,34,-6.697,47.538,1464,-271.004,2296.395
FTNT,large,5,-4.744,4.697,386,-134.385,575.283
BP,mid,38,8.572,65.475,1442,-287.798,2597.039
SPOT,large,11,-2.540,21.263,209,-10.164,325.169
TKOMY,mid,27,23.094,96.007,1190,-222.498,2188.816
INTU,large,17,-10.794,22.561,807,-234.317,1066.855
AEM,large,50,10.156,133.544,1388,-2.695,2376.049
HON,large,19,-1.978,39.085,1421,-373.934,2063.002
MSI,large,43,-17.571,66.787,1443,-315.091,2244.170
ALL,large,14,-6.773,15.413,838,-224.307,1201.928
FIX,large,16,8.247,29.924,729,-125.778,1112.907
EONGY,mid,20,-3.369,16.439,726,-134.840,1282.675
LHX,large,35,-15.959,24.593,1135,-269.562,1720.627
XYZ,mid,11,-8.907,12.899,247,-51.644,368.816
VTR,mid,23,22.188,51.743,727,-199.024,1005.965
CSLLY,mid,9,-9.053,9.841,411,-114.538,619.637
WDAY,large,7,-0.929,8.248,338,-39.845,491.682
SCMWY,mid,13,-0.800,29.186,691,-201.031,1074.129
VMC,large,58,8.096,111.692,1358,-337.358,2272.367
RJF,large,37,2.714,89.039,1090,-249.146,1789.275
CHT,mid,26,-10.505,27.894,601,-233.753,941.479
DXCM,mid,40,-8.911,42.269,512,-86.517,776.727
WSM,large,25,-11.972,34.334,1088,-256.261,1519.187
MTD,large,20,-4.324,18.206,717,-229.740,1008.088
TPL,large,54,-22.056,82.524,1184,-126.908,2235.256
DGX,large,7,1.716,15.285,755,-221.633,1130.050
KEY,mid,26,4.418,43.688,972,-243.674,1376.443
BRO,mid,191,-165.920,239.957,1156,-388.661,1482.066
ULTA,large,13,-1.998,23.169,440,-117.035,677.294
USFD,large,1,0.334,0.112,247,-82.169,317.571
BCH,mid,6,0.210,0.989,600,-151.053,803.794
SQM,mid,37,2.300,90.405,847,-3.232,1785.761
WY,mid,52,-20.052,62.352,1338,-261.168,2007.324
AKAM,large,31,-15.456,25.240,665,-140.536,994.845
KSPI,mid,3,5.207,9.216,56,1.130,68.678
GEN,mid,46,-2.918,77.137,925,-184.862,1359.230
YUMC,mid,1,-1.089,1.185,253,-56.116,387.525
BEP,mid,10,-6.228,8.458,490,-106.197,805.949
MAS,mid,7,0.900,12.159,1187,-167.023,1892.851
CRBG,mid,1,0.886,0.785,71,-15.414,112.828
PAG,large,24,-2.982,48.983,754,-160.425,1146.414
ONTO,large,4,-4.154,4.314,147,-35.890,210.770
SKM,mid,5,2.182,13.325,760,-64.450,1347.926
ELS,mid,3,-0.715,5.098,858,-201.388,1300.415
PEN,large,7,-3.379,5.250,247,-18.996,369.193
ALGN,large,43,-10.932,34.925,632,-142.182,877.844
WTS,large,7,-0.749,8.618,1009,-253.079,1466.347
BMRN,mid,25,-9.299,22.762,669,-90.951,928.093
XPEV,small,2,3.360,6.135,139,-39.397,186.485
DOCU,mid,5,-1.888,9.348,185,-12.272,300.907
AR,mid,21,-8.528,31.964,337,-3.549,488.569
UHS,large,43,-20.189,43.990,1144,-129.468,1830.097
AM,mid,17,5.998,27.453,198,-43.836,314.162
VIAV,mid,39,-0.153,65.501,847,-163.307,1250.524
LEVI,mid,2,0.223,0.062,149,-40.548,217.983
PRMB,mid,40,26.497,100.345,875,-34.955,1489.084
LNC,mid,28,9.424,46.753,1173,-217.659,1894.096
TIMB,small,27,-24.616,26.221,672,-99.224,1034.193
CBSH,mid,11,-2.932,11.680,1187,-370.916,1577.917
PCOR,mid,8,0.438,5.212,125,-10.980,194.618
DBX,mid,1,2.898,8.398,194,-63.871,259.077
BRKR,mid,24,-8.940,31.116,628,-125.389,805.200
POWL,large,42,-1.871,82.020,1186,-231.094,1447.020
VIPS,small,19,6.734,37.865,349,-13.081,508.763
LW,mid,31,-6.715,43.629,229,-63.170,331.377
AN,large,13,-6.780,10.214,913,-114.814,1298.960
BIRK,mid,0,0.000,0.000,54,-5.614,70.373
IFS,mid,10,-6.777,10.741,160,-48.299,202.637
DSGX,mid,13,-5.349,23.417,709,-169.205,1055.755
RUSHA,mid,4,-2.577,2.432,552,-122.325,684.610
ENIC,micro,9,-6.785,18.438,237,-95.694,328.637
LYFT,small,13,-6.699,23.419,189,11.445,317.890
KNSA,mid,10,0.607,17.823,174,-45.652,186.829
ABCB,mid,12,2.125,36.977,819,-98.852,1110.060
PECO,mid,0,0.000,0.000,128,-42.183,139.259
DFTX,mid,8,8.811,25.799,213,-52.176,227.436
DLB,mid,8,-0.652,6.170,520,-59.662,878.964
NJR,mid,18,-10.100,15.289,1183,-380.647,1476.218
BXSL,mid,5,10.502,24.815,110,-5.621,174.097
OCTV,skip,0,0,0,0,0,0
VIRT,mid,16,3.738,27.258,262,-22.444,395.043
CNO,mid,27,2.991,35.539,562,-59.933,909.072
SAIC,large,15,3.177,18.750,337,-113.576,479.513
ACAD,mid,39,2.741,55.689,529,-75.528,715.636
WSC,mid,13,-8.296,15.399,257,-68.859,518.621
TNGX,mid,6,-6.098,6.199,137,-2.590,183.651
AZZ,large,89,0.470,201.258,1189,-79.696,1837.920
MBRFY,micro,14,2.453,35.576,370,-157.999,600.033
SITE,large,3,2.067,2.834,241,-67.783,320.302
FCN,large,20,-4.590,17.080,754,-177.018,1079.703
NGXXF,mid,0,0.000,0.000,26,1.643,47.241
ZGN,small,0,0.000,0.000,99,-18.167,151.327
IPGP,mid,31,6.137,42.981,488,3.944,858.958
MIR,small,10,-9.463,11.530,145,-27.445,206.329
DOCS,mid,9,-7.005,7.241,116,-31.679,169.267
PRK,large,11,0.014,21.659,892,-118.874,1308.958
MSGE,mid,0,0.000,0.000,72,-37.947,93.389
LBTYA,small,20,1.409,11.763,536,-115.814,745.070
OPCH,mid,55,-4.507,130.602,754,-96.252,1170.787
NATL,mid,0,0.000,0.000,52,-6.958,66.526
USLM,large,49,4.507,58.557,1185,-250.829,1726.677
CARG,mid,10,-8.936,10.796,192,-27.157,325.214
GSHD,mid,13,-5.577,29.489,193,-24.715,324.310
GRAL,mid,0,0.000,0.000,30,-18.020,33.215
SBLK,mid,29,9.642,48.586,472,-33.497,654.723
CSAN,micro,2,-2.524,3.187,118,-35.866,186.240
WHR,mid,56,1.333,134.987,1358,-230.063,2286.342
KALU,large,0,0.000,0.000,515,-154.314,675.368
FSM,small,10,-7.911,10.662,461,-105.427,645.646
TRMK,mid,104,-61.974,90.535,1190,-329.996,1253.257
DNN,micro,11,6.988,34.188,549,-108.523,759.776
ESTA,mid,12,-8.271,7.851,162,-29.852,251.848
EBOSY,mid,14,9.681,32.537,13,-12.565,28.598
LCII,large,30,0.863,62.902,1013,-184.751,1590.078
PBI,small,53,-7.835,90.554,1375,-380.009,2028.067
PTY,small,42,3.434,97.429,605,-239.059,1281.670
BLBD,mid,20,5.691,35.367,283,-45.973,407.618
CDNA,mid,15,-7.603,31.208,294,-37.716,420.666
ARR,small,18,-5.341,20.746,475,-32.457,1023.679
RAMP,mid,66,-5.370,111.066,1083,-127.283,1723.666
COAG,skip,0,0,0,0,0,0
NMM,mid,19,-0.487,15.974,440,-32.283,696.481
SIND,skip,0,0,0,0,0,0
ADMA,small,12,-4.237,9.797,305,-63.248,383.641
CHA,small,2,1.149,0.672,9,0.217,6.979
NEO,small,12,4.884,14.409,571,-112.535,771.180
ALKT,small,4,1.331,0.778,120,-20.026,163.568
AUPH,small,10,-6.820,7.853,274,-61.655,380.709
RLJ,small,12,-3.156,14.401,386,-99.374,555.574
LMAT,mid,8,-2.148,1.103,479,-106.937,630.087
GEL,small,37,10.471,86.038,762,-103.107,1206.903
FIGS,small,1,0.921,0.849,96,-7.764,152.730
TIC,small,0,0.000,0.000,22,6.795,29.755
BDJ,small,8,10.883,29.014,505,-120.410,1050.321
BCAX,mid,0,0.000,0.000,33,-15.204,29.520
BCAT,small,0,0.000,0.000,133,-29.340,206.913
BLFS,mid,23,-14.224,30.799,918,-143.852,1051.515
AZUL,skip,0,0,0,0,0,0
CNXC,mid,18,-0.518,32.359,135,6.696,222.566
BXBL,micro,0,0.000,0.000,12,-41.914,273.595
ESRT,micro,6,3.266,6.809,314,-113.558,532.509
TMP,mid,0,0.000,0.000,1034,-264.603,1366.597
BTT,mid,26,-23.147,41.139,320,-166.883,542.993
FMBH,mid,71,-30.437,279.900,694,-207.457,2173.887
SFDMY,mid,14,-2.186,0.341,6,-0.311,0.358
SLSR,small,1,2.873,8.252,112,-30.306,186.388
IMTX,small,1,-0.493,0.243,184,-19.601,304.689
EFOR,mid,29,-12.403,36.940,855,-201.168,1201.552
AKTS,skip,0,0,0,0,0,0
INBX,mid,0,0.000,0.000,25,-9.936,24.026
RXT,micro,2,2.415,3.677,138,-14.454,213.575
UPWK,small,5,-3.041,6.299,173,-5.594,275.408
LQDT,mid,8,-0.285,14.852,523,-54.252,777.025
STAA,mid,30,-0.404,31.142,852,-16.003,1299.465
AVEX,skip,0,0,0,0,0,0
NEWP,small,72,90.977,335.672,425,-140.756,983.689
TRUP,mid,3,3.055,3.113,269,-54.239,357.797
PLOW,mid,22,26.043,58.749,401,-76.162,580.121
MCBS,mid,0,0.000,0.000,167,-33.639,179.885
MUC,small,57,-41.543,114.874,708,-410.899,1446.657
PCRX,mid,16,-3.263,30.966,387,-70.112,466.967
APEI,mid,37,-7.213,38.575,455,-14.758,711.661
PDX,mid,13,9.114,34.799,167,-55.700,234.701
UAMY,small,21,-16.066,19.213,670,-71.983,786.502
LYTS,mid,37,9.817,42.443,1056,-90.485,1478.351
NRK,small,52,-27.556,98.727,570,-373.531,1262.878
NANO,skip,0,0,0,0,0,0
PD,small,7,-3.385,5.446,161,-19.470,205.858
ORRF,mid,25,-22.279,43.892,664,-163.873,1246.269
CRTO,small,13,0.263,9.639,305,-45.275,419.581
SHBI,mid,7,1.978,11.072,651,-94.638,916.305
WEST,small,4,4.153,12.609,88,6.664,139.215
SB,small,31,-9.972,28.457,454,-40.291,688.738
LPTH,small,27,-4.947,25.814,768,-81.919,900.138
ABXXF,small,13,-8.445,12.216,121,-21.769,144.167
JMIA,small,8,-1.646,10.404,157,3.386,200.290
CTMX,micro,21,3.969,41.041,286,-10.370,416.179
PHR,small,9,-6.900,7.617,145,7.382,271.361
CWBC,mid,16,-17.794,19.826,685,-211.176,1476.899
IMSR,small,0,0.000,0.000,19,-3.841,23.316
TCMD,mid,10,-5.570,10.972,258,-36.921,386.104
BOT,skip,0,0,0,0,0,0
KE,mid,2,-2.180,2.375,274,-64.001,379.370
FBRT,small,0,0.000,0.000,89,-5.119,149.035
GOGO,micro,27,-17.515,34.176,320,-37.470,501.068
KRNY,small,8,16.886,38.290,540,-160.330,639.127
NPB,small,0,0.000,0.000,14,-4.554,15.240
DSU,small,67,-20.732,110.510,718,-217.857,1378.784
MBUU,mid,2,-2.151,2.313,296,-47.324,447.050
HBCP,mid,3,-3.219,3.457,433,-109.556,519.410
EGY,small,32,60.645,192.388,835,-95.729,1251.254
WEAV,small,2,2.408,3.458,105,-20.765,136.418
EROK,skip,0,0,0,0,0,0
DPG,small,12,8.320,18.743,368,-101.154,714.543
MTW,small,36,-2.585,54.170,914,-128.882,1441.291
ASPI,micro,0,0.000,0.000,74,-34.121,93.417
PDLB,mid,7,-2.292,3.527,225,-57.331,268.485
BLND,micro,0,0.000,0.000,117,-32.319,159.914
ITRG,micro,0,0.000,0.000,112,-2.900,141.925
TWI,small,45,-0.023,66.502,851,-121.629,1472.575
BMBL,micro,26,22.819,63.414,125,-23.871,187.158
LXFR,small,23,6.874,35.259,314,-43.550,445.383
MGMNF,skip,0,0,0,0,0,0
FSTR,mid,53,-4.020,99.235,1142,-99.856,1533.825
OFIX,small,48,-1.545,58.314,872,-203.227,1247.177
GLAD,small,13,0.423,13.048,587,-57.235,921.050
CRNC,small,5,-5.461,5.968,179,-40.342,244.646
ASPN,small,17,1.866,30.900,279,-42.920,405.989
MFI,small,0,0.000,0.000,39,-11.356,30.007
VKI,small,59,-44.779,102.790,848,-423.432,1592.022
VRNO,small,3,4.761,17.944,103,-3.878,82.780
SCGX,small,56,33.405,259.112,216,-136.479,8256.587
AVIR,small,1,1.430,2.045,117,-19.945,159.980
MYN,small,50,-26.609,81.111,868,-483.921,1639.841
AEF,small,80,16.991,165.853,937,-126.720,1938.000
UPB,small,0,0.000,0.000,19,-8.398,15.625
AVBH,mid,118,-55.383,381.416,530,-294.580,2702.342
HCIC,skip,0,0,0,0,0,0
LAND,small,11,-0.975,16.603,334,-31.451,521.030
SORN,skip,0,0,0,0,0,0
CMPX,micro,6,-1.408,6.081,127,-31.027,133.796
VOXR,small,0,0.000,0.000,118,-41.514,136.222
ZUMZ,mid,17,-12.214,17.838,521,-100.455,706.627
XNET,small,12,5.634,19.104,306,-23.386,432.640
GASS,small,14,7.909,43.988,497,-86.325,698.745
ATII,small,0,0.000,0.000,19,-7.915,25.241
FDBC,mid,77,34.329,231.580,684,-194.320,1929.646
SAR,mid,43,-4.779,32.225,461,-107.486,636.986
VHCP,skip,0,0,0,0,0,0
EFTY,small,0,0.000,0.000,0,0.000,0.000
YSG,micro,19,-20.993,23.203,130,21.382,183.708
BKTI,mid,52,23.939,116.587,1168,-57.575,1511.506
ADAC,skip,0,0,0,0,0,0
BPRN,mid,7,-2.940,9.226,235,-79.376,251.124
CDPMF,micro,8,9.467,23.212,129,-120.930,2700.787
CFFI,mid,6,-6.397,6.823,680,-152.534,929.500
TRDA,small,2,-2.174,2.364,104,-13.085,132.069
TDRRF,micro,70,-141.085,858.768,266,-411.713,26625.465
VRXA,micro,0,0.000,0.000,25,-243.353,4049.815
NTPIF,micro,42,-1.133,58.173,868,-158.190,1438.296
ERC,small,28,-14.091,26.337,577,-278.249,1074.158
SUJA,skip,0,0,0,0,0,0
SNFCA,small,40,-16.607,94.842,984,-338.679,1407.557
LX,micro,0,0.000,0.000,191,-23.717,301.418
NAGE,micro,20,10.364,42.317,460,-74.876,570.417
SMRT,micro,5,0.316,5.143,118,-43.063,162.713
TII,micro,2,-2.444,2.987,104,-18.998,223.628
CHRS,micro,26,-16.234,50.038,273,-73.714,425.399
KISB,mid,106,22.974,395.654,604,-340.864,2498.136
FUFU,micro,3,-1.770,4.092,107,-1462.586,143980.456
ANTX,small,16,2.129,28.475,77,-17.370,96.181
TDAC,small,0,0.000,0.000,16,-60.921,327.957
QMLS,skip,0,0,0,0,0,0
EAF,small,14,3.042,18.589,198,23.699,321.962
EGAN,small,36,12.323,60.505,674,-99.420,898.847
HUMA,micro,13,-0.734,11.984,134,-32.603,189.531
FINW,small,0,0.000,0.000,82,2.642,128.548
VYGR,micro,10,-11.840,14.026,255,-41.615,321.396
ACOG,small,1,0.525,0.276,17,-3.306,15.691
TNXP,small,40,26.914,132.488,350,32.823,559.158
FLC,small,41,-10.961,66.540,577,-109.942,990.799
APYX,micro,11,-0.898,7.722,169,-32.124,193.793
SHIM,micro,5,2.641,3.765,48,-12.899,56.684
WW,small,2,1.756,1.953,8,-4.938,7.154
ABOS,micro,25,-3.070,33.924,111,1.748,157.558
HOFT,small,33,-2.385,40.333,604,-120.099,766.526
AXREF,micro,54,48.769,177.771,459,-207.913,1188.604
DLTH,micro,7,1.312,19.543,255,-34.262,349.590
NINE,skip,0,0,0,0,0,0
YCY,skip,0,0,0,0,0,0
CNTN,micro,4,-0.984,4.871,104,-25.019,138.363
SRBK,mid,0,0.000,0.000,59,-38.734,75.108
NYXH,micro,7,-6.743,8.925,118,0.312,192.790
UAC,skip,0,0,0,0,0,0
PLBY,micro,5,-5.969,7.128,115,-15.305,169.160
CAAS,micro,30,-4.404,45.537,576,-74.725,768.414
TTEC,micro,37,3.008,60.335,750,-175.371,1244.851
IPEX,small,0,0.000,0.000,20,-82.273,386.786
VNJA,micro,63,-1054.353,77305.237,102,-296.298,12854.376
DMO,small,10,4.014,19.623,411,-176.150,641.525
ELRE,micro,121,-65.010,275.352,236,-74.646,2013.804
THRY,micro,40,-30.193,52.137,167,-18.396,290.664
SBI,small,22,-16.445,23.983,877,-453.894,1284.388
FLNT,micro,15,4.897,32.413,445,-102.359,776.873
NOEM,small,0,0.000,0.000,23,-80.157,318.794
PBHC,small,81,8.718,281.828,750,-177.280,2112.871
FATN,small,5,-5.216,5.442,11,-5.011,7.138
ALDX,micro,23,-8.270,35.933,301,-120.909,423.762
BNR,small,6,-6.289,6.592,131,37.262,176.166
ORRCF,micro,61,17.741,186.480,339,-107.032,743.453
NUVR,small,74,50.252,299.231,622,-168.099,3197.806
ARQ,micro,41,-15.705,48.651,572,-50.312,963.327
SLNG,micro,24,-4.997,31.657,465,-161.788,579.207
MAIA,micro,5,-6.303,7.946,73,-33.058,80.472
VMXXF,micro,18,-66.831,550.770,46,-32.780,363.041
NEXM,micro,85,-24.125,270.124,417,-76.544,890.584
HLEO,skip,0,0,0,0,0,0
HANNF,micro,0,0.000,0.000,106,-30.959,110.021
TISI,small,99,18.392,236.612,1156,-80.702,1894.678
RTGN,micro,14,-17.479,21.822,22,-138.241,5889.102
AIRG,small,14,4.412,23.309,229,-6.072,336.284
PROP,micro,6,3.987,13.576,328,-81.969,445.290
KG,small,13,18.037,66.002,454,-74.751,659.674
IMAQ,small,3,-2.846,9.207,106,-221.262,3744.777
PGZ,small,13,-2.704,23.494,322,-148.540,561.167
TUNGF,micro,0,0.000,0.000,12,-0.691,9.282
USIO,micro,20,25.924,70.752,692,-108.131,777.181
GNTA,micro,3,-3.667,4.497,103,-52.505,104.598
ELTK,small,20,6.046,47.146,749,-124.374,949.784
UEIC,micro,24,-6.133,17.569,816,-193.145,1293.306
CHUC,micro,8,-3.862,10.799,355,-50.982,390.042
IMMP,micro,15,-8.429,18.679,323,-134.309,404.786
DOMH,micro,74,22.603,100.580,1192,-169.534,1239.889
AUXXF,micro,5,6.081,8.325,119,-46.812,132.560
SPWR,micro,1,-1.138,1.295,59,-17.266,62.436
SNWV,small,0,0.000,0.000,32,13.264,61.867
ATYR,micro,10,-0.770,19.487,290,-91.235,359.214
XHG,micro,8,1.867,5.691,142,-15.128,175.672
FSP,micro,21,-3.307,38.414,516,-385.231,1002.349
SNT,micro,31,-5.406,44.247,842,-395.931,1271.028
SPWH,micro,14,-4.938,12.864,292,-111.207,664.639
VASO,micro,21,19.435,52.193,772,-285.317,827.617
RDEXF,micro,82,-211.525,3255.793,325,-176.681,4474.953
AEI,micro,7,-4.930,15.402,131,-42.375,149.238
DTSQ,small,0,0.000,0.000,25,-144.845,1982.013
JETMF,micro,0,0.000,0.000,141,-35.191,147.619
AIOS,small,14,-5.137,15.198,210,3.277,272.255
NEPH,micro,28,2.893,32.619,540,-68.082,648.721
QTI,micro,3,2.298,5.438,104,-278.557,3508.215
EQTRF,micro,18,-2.520,57.529,307,-90.126,542.643
VTSI,micro,3,0.368,3.018,319,-70.514,412.981
PPSI,micro,14,-5.542,29.927,315,-78.946,432.245
MDBH,micro,3,0.675,4.808,50,1.893,62.946
DAIO,micro,14,-4.697,16.355,957,-244.708,1150.701
KLNG,micro,59,55.206,207.079,612,-77.025,1028.627
NCI,small,0,0.000,0.000,39,-20.329,32.520
UCL,micro,7,0.846,18.380,146,-30.092,184.272
ATCH,micro,5,-2.434,14.607,103,-682.747,17638.858
TAOX,micro,4,-4.502,5.068,136,-2.127,174.331
ACCS,small,49,5.706,137.699,463,-112.062,672.292
WSTRF,micro,4,-5.188,6.731,31,-9.133,37.817
CLIR,micro,6,3.193,11.697,339,-23.280,401.348
CDLX,micro,14,0.502,27.062,188,-13.745,258.077
WIMI,micro,10,8.101,36.060,143,-5.156,176.693
CTXR,micro,27,-8.575,49.718,283,-137.471,878.202
GWH,micro,2,2.771,3.845,132,15.419,197.542
CCM,micro,5,8.151,20.215,382,-66.167,568.882
DARE,micro,33,-5.532,76.118,301,-107.338,393.915
ESGH,micro,2,-2.361,2.788,51,-31.903,175.443
EPSM,micro,0,0.000,0.000,17,-8.273,16.028
MSGM,micro,2,-0.604,1.448,123,-11.544,152.586
HTOO,micro,13,11.201,34.733,145,28.769,193.810
MRNO,micro,1,0.825,0.680,92,-736.722,29204.973
ADGM,micro,4,-2.965,5.060,29,-13.170,55.252
TULP,micro,31,-23.661,41.493,880,-165.057,1191.031
SOS,micro,24,8.268,31.572,225,-5.428,296.027
OSRH,micro,0,0.000,0.000,50,-302.167,11600.288
SAGT,micro,0,0.000,0.000,17,-8.505,22.156
GRNL,micro,21,3.897,63.176,27,-19.952,394.246
TOMZ,micro,29,17.978,111.090,436,-141.741,630.455
CLEV,micro,44,5.091,125.823,343,-77.616,1290.490
MIMI,micro,1,0.549,0.301,20,-0.038,24.078
WVVI,micro,6,-3.450,5.934,783,-295.439,919.872
NVNI,micro,10,1.724,20.625,98,-388.439,9907.654
NEWH,micro,38,-21.083,49.922,492,-55.798,481.468
SNTI,micro,20,-1.145,32.083,114,-32.509,147.201
LNAI,micro,11,11.082,42.799,193,-13.622,262.331
CLWT,micro,30,-7.775,50.528,734,-364.138,1156.687
PFHO,micro,52,-132.246,771.364,400,-598.538,17168.017
WXM,micro,0,0.000,0.000,9,-6.243,9.563
CTGL,micro,43,-18.458,107.340,347,-42.437,578.603
MBAI,micro,31,-11.597,64.892,265,-47.744,349.271
CVAT,micro,12,-5.544,25.673,400,-25.706,640.677
FGI,micro,0,0.000,0.000,90,-8.444,99.999
VEEA,micro,1,0.559,0.313,110,-823.957,17373.635
DTSS,micro,6,-1.659,14.247,212,-73.044,277.427
MOJO,micro,19,4.880,54.895,345,-85.224,593.532
ARBB,micro,5,-5.553,6.178,73,-9.295,107.305
TAOP,micro,20,9.645,56.796,482,-114.739,668.860
BRGX,micro,74,-108.420,965.879,592,-179.274,1580.511
THURF,micro,35,-45.131,387.594,215,-287.793,4236.721
ALZN,micro,9,8.782,26.844,111,12.170,180.780
POLA,micro,14,5.690,24.743,231,-44.063,285.709
WLDS,micro,6,-1.336,4.525,87,19.241,125.420
PCSA,micro,113,161.246,482.137,258,-13.752,1174.907
STME,micro,25,27.244,128.878,287,-62.818,488.692
NDRA,micro,16,1.960,35.375,219,12.040,301.122
LTUM,micro,8,1.285,3.147,426,-90.859,300.493
ILXP,skip,0,0,0,0,0,0
DXYN,micro,29,-12.355,40.943,1000,-421.255,1308.550
CCHH,skip,0,0,0,0,0,0
CHNR,micro,24,-3.032,47.398,760,-75.982,1042.063
AQB,micro,2,0.257,4.229,232,-46.193,334.130
REVB,micro,8,1.484,15.601,138,-119.737,2139.355
CELZ,micro,24,-14.605,29.157,231,-56.455,309.185
INTJ,micro,5,-3.068,2.719,38,-7.285,40.407
CAPC,micro,28,-2.273,73.764,717,-165.150,695.153
MSGY,micro,0,0.000,0.000,8,-1.676,8.139
ATXG,micro,3,0.416,2.344,118,-36.958,124.875
TNON,micro,4,2.202,5.715,83,28.605,143.717
IZM,micro,15,-12.980,36.962,50,-12.223,65.363
VSEE,micro,2,-0.303,2.483,99,-743.590,115211.795
GRI,micro,4,2.228,8.997,118,-4.100,134.812
ATPC,micro,4,-1.787,5.298,51,-15.101,40.916
CHSN,micro,2,-2.358,2.783,65,-16.430,88.426
CDT,micro,12,-0.649,7.704,105,-58.225,688.086
LBSR,micro,5,6.676,12.961,323,-29.152,284.934
IVF,micro,9,3.704,6.441,141,17.225,190.543
SRKZF,micro,123,-230.778,1174.297,251,-427.411,29889.720
MDLK,micro,51,8.915,171.773,219,-63.259,241.539
AMZE,micro,5,-0.538,9.988,104,20.759,159.845
EPWKF,micro,1,0.096,0.009,20,2.360,15.572
SHFS,micro,10,0.813,7.741,100,-4.608,122.923
BNRG,micro,4,-1.722,8.113,85,4.481,97.096
KUST,micro,10,5.232,13.681,483,-113.036,706.730
GTIC,micro,31,-18.321,696.577,176,-47.604,400.850
PNYG,micro,15,18.452,65.636,42,-326.299,77678.296
HGAS,micro,16,2.680,59.256,44,-18.618,171.603
ONFO,micro,0,0.000,0.000,85,-17.934,134.300
NMHI,micro,7,-2.676,12.079,89,-966.648,45742.160
ITOX,micro,16,-29.545,86.181,271,-120.615,513.691
CBDW,micro,2,2.553,3.323,87,-24.567,52.367
OWPC,micro,6,-2.956,14.366,179,-37.286,193.402
MGAM,micro,13,-9.791,17.578,70,-5.837,63.928
BSPK,micro,54,55.429,176.466,336,-120.435,1078.048
PGIM,skip,0,0,0,0,0,0
MIMDF,skip,0,0,0,0,0,0
ZCSH,mid,2,2.698,8.719,114,-35.348,107.773
BCYC,micro,4,-0.397,2.032,154,-24.584,195.858
AMH,mid,5,-1.227,2.824,341,-114.773,423.942
LND,micro,5,-0.290,17.740,331,-110.208,562.616
MANU,mid,10,3.696,18.959,329,-36.487,442.626
DAVI,skip,0,0,0,0,0,0
MOGMF,micro,0,0.000,0.000,18,-5.890,24.125
SAPUY,skip,0,0,0,0,0,0
VIRMF,skip,0,0,0,0,0,0
BREZ,skip,0,0,0,0,0,0
FRLCY,skip,0,0,0,0,0,0
AS,mid,0,0.000,0.000,41,2.875,44.640
POM,skip,0,0,0,0,0,0
VZSLY,skip,0,0,0,0,0,0
CLYD,skip,0,0,0,0,0,0
NTMJ,skip,0,0,0,0,0,0
BHYP,skip,0,0,0,0,0,0
CNYGF,skip,0,0,0,0,0,0
HGZDY,skip,0,0,0,0,0,0
CSCCY,skip,0,0,0,0,0,0
BEMPY,skip,0,0,0,0,0,0
GIDHF,skip,0,0,0,0,0,0
ODKUY,skip,0,0,0,0,0,0
TDC,mid,12,-4.496,25.560,470,-26.737,808.050
AADX,skip,0,0,0,0,0,0
WATR,skip,0,0,0,0,0,0
PSBTY,skip,0,0,0,0,0,0
ICGSF,skip,0,0,0,0,0,0
OCLT,skip,0,0,0,0,0,0
USL,mid,8,-6.358,7.815,466,-34.451,926.726
EFT,small,73,-35.703,156.207,559,-284.923,1057.654
AVK,small,33,-23.252,38.324,564,-169.668,1205.685
IAU,mid,4,4.143,12.996,539,-150.636,910.442
EVV,small,49,-20.694,55.600,566,-320.683,996.064
VHC,small,53,24.843,114.929,643,-33.079,921.189
MMS,mid,24,0.063,24.218,744,-145.372,1121.333
AMBO,micro,3,7.580,19.197,187,-64.810,177.375
MROSY,skip,0,0,0,0,0,0
BR,large,12,-10.899,11.634,478,-193.328,635.065
CG,mid,2,3.815,7.276,344,-8.331,594.147
MWA,mid,22,2.656,50.941,492,-105.708,717.334
MHH,small,7,0.195,12.252,438,-44.817,603.037
CRL,large,26,-19.888,24.409,648,-138.006,1021.810
GEO,mid,29,13.628,59.141,817,-100.275,1344.076
HRL,mid,17,-17.058,21.457,1174,-403.330,1776.075
RYN,mid,16,-2.934,13.168,829,-249.711,1248.862
KSS,small,12,9.883,36.023,839,-152.004,1184.616
SJT,micro,26,-21.853,40.146,1162,-355.281,1843.562
CIK,micro,41,-19.044,75.760,989,-618.777,1587.891
GTN,small,22,21.046,82.987,606,-64.429,1001.336
CDW,large,14,12.483,47.775,314,-57.225,525.542
NEA,small,42,-25.571,73.512,590,-342.739,1312.236
SVA,skip,0,0,0,0,0,0
FT,small,28,-1.723,25.033,972,-406.034,1501.553
MXC,small,60,0.481,291.044,681,-211.046,2108.661
VMO,small,55,-23.075,67.329,868,-443.671,1710.093
AVY,large,35,25.382,112.198,1356,-234.541,2266.245
GDLC,mid,3,1.992,5.647,166,-4.137,254.244
LGI,small,37,-0.769,44.282,538,-115.583,1065.546
DAC,large,27,-0.716,29.655,504,-18.120,714.212
PRU,large,7,-2.729,10.204,598,-154.735,891.239
EE,mid,3,0.909,3.259,93,-13.965,111.509
ACMIF,micro,0,0.000,0.000,3,-2.857,3.848
SICCY,skip,0,0,0,0,0,0
TSMWF,skip,0,0,0,0,0,0
SNEJF,mid,20,8.320,65.699,398,-98.364,879.817
AIQUF,large,93,-105.016,216.140,341,-131.658,1584.617
NOKBF,small,20,27.567,110.660,395,-80.449,780.255
INGVF,mid,103,29.938,377.622,424,-108.226,2130.545
PINXF,micro,3,-6.452,14.461,36,-321.552,10027.416
ORXCF,mid,126,-164.220,403.918,304,-190.922,2435.042
RSTRF,mid,115,-7.878,438.895,214,-61.255,931.292
FWONB,mid,99,-65.354,266.930,140,-55.775,624.204
TEVJF,mid,108,-38.621,315.338,279,-255.819,5360.253
SHECF,mid,69,-308.747,12396.070,351,-296.194,5682.801
AEGOF,small,206,-239.474,2784.077,391,-347.790,5964.274
UEPEP,mid,207,-73.950,1427.074,998,-634.626,5563.450
KOSCF,mid,60,-4.189,173.882,72,2.341,361.679
SFGRF,skip,0,0,0,0,0,0
DTW,mid,8,-5.285,17.421,197,-33.261,313.755
UA,small,10,1.175,17.159,261,-53.349,428.087
TROLB,mid,99,-288.118,5357.364,121,-165.187,2551.460
AILLP,mid,104,70.205,449.195,577,-183.415,3970.187
LTGHF,micro,22,-32.335,97.645,92,-894.302,63926.922
FMCKM,small,34,6.037,59.730,397,-35.212,758.631
HOVVB,large,78,-80.585,197.856,75,-6.247,119.429
VSOGF,mid,0,0.000,0.000,35,-53.406,991.477
SLNCF,micro,163,-281.237,1573.013,270,-1060.546,49198.631
VSBC,micro,14,-26.098,48.649,47,-445.830,26125.847
TTSH,micro,14,-12.663,18.126,349,-60.363,529.731
KBSR,micro,29,6.328,103.443,48,-49.040,656.062
MAPS,micro,6,6.492,14.759,165,-82.074,557.686
SCYYF,micro,78,17.780,331.511,413,-37.452,812.734
LTCH,micro,3,-1.608,2.546,125,-12.475,131.847
PRNAF,micro,101,-106.964,1200.630,185,-207.035,1697.039
CARV,micro,69,-170.649,979.191,806,-720.344,3752.769
EESH,micro,111,-77.204,438.311,572,-204.313,2216.346
TGCB,micro,7,2.109,10.718,98,-12.667,124.631
VCNX,micro,7,1.929,12.153,194,-11.093,286.768
VYRE,micro,66,47.044,212.366,250,-59.605,383.010
PLSH,micro,7,-11.312,18.450,81,-41.418,157.691
KACLF,micro,25,62.386,162.302,67,-1778.801,245596.795
GWSO,micro,63,-17.714,193.653,394,-162.867,694.463
DLTI,micro,99,-96.941,584.209,293,-134.336,4567.333
MLSPF,small,82,10.749,355.096,320,-194.962,1801.717
FTRSF,small,47,0.345,183.506,107,-232.675,8474.986
KKRS,small,10,6.586,36.491,115,-6.999,230.869
SCCD,mid,0,0.000,0.000,112,-58.034,131.161
BWBBP,mid,0,0.000,0.000,112,5.723,193.257
SOYB,mid,4,-1.440,8.504,339,-96.892,528.080
IPSOF,mid,80,-58.182,109.968,81,-136.025,682.146
BSTT,skip,0,0,0,0,0,0
PMTW,mid,0,0.000,0.000,6,-7.305,10.619
ASPSZ,skip,0,0,0,0,0,0
WAFDP,small,19,-2.819,50.130,125,-28.328,175.458
PFFL,small,24,-9.501,66.085,179,-15.015,396.208
BIPJ,mid,0,0.000,0.000,31,-12.681,32.958
GLL,mid,18,7.505,32.623,441,58.536,921.230
MITP,mid,0,0.000,0.000,39,-11.840,107.852
NSLRL,mid,0,0.000,0.000,102,-112.805,269.474
BGMSP,micro,45,22.055,170.096,477,-205.309,1578.940
FNGO,large,0,0.000,0.000,199,-68.608,317.735
BULZ,mid,5,-0.767,5.109,116,-31.066,149.112
BAMKF,small,0,0.000,0.000,20,-46.545,297.061
BXDIF,skip,0,0,0,0,0,0
SBBTF,mid,28,-21.869,21.587,47,-42.100,239.915
SQFTP,small,6,-0.878,14.512,109,6.940,159.884
SRJN,skip,0,0,0,0,0,0
CHSCN,mid,1,0.411,0.169,294,-87.480,335.224
CNOBP,mid,0,0.000,0.000,109,-83.482,153.310
SRGBF,small,0,0.000,0.000,1,-0.091,0.008
XELLL,skip,0,0,0,0,0,0
TDGMW,skip,0,0,0,0,0,0
RMTHF,skip,0,0,0,0,0,0
RYLBF,small,0,0.000,0.000,7,-59.613,1254.432
VYLD,mid,0,0.000,0.000,16,-6.469,27.856
WEXPF,micro,2,-0.441,3.260,88,-38.107,153.161
VXX,mid,5,-2.701,3.437,214,11.908,279.317
RLNDF,skip,0,0,0,0,0,0
AMPWF,skip,0,0,0,0,0,0
UCFIW,skip,0,0,0,0,0,0
OKMN,micro,30,-2.481,86.142,42,-20.587,172.070
ALCWF,skip,0,0,0,0,0,0
PLMUF,micro,5,9.775,26.096,3,1.955,6.666
NTWOU,small,14,-297.026,6301.740,15,-113.517,1757.188
TACOU,small,8,-58.682,434.749,13,-38.658,166.942
IMSRW,skip,0,0,0,0,0,0
FVNNU,small,1,-4.949,24.491,22,-275.214,10327.582
KCHVR,skip,0,0,0,0,0,0
ALMP,micro,0,0.000,0.000,0,0.000,0.000
GTENW,skip,0,0,0,0,0,0
XRPNW,skip,0,0,0,0,0,0
CAPNR,micro,20,-22.222,76.745,199,-136.110,2482.425
SHAZW,skip,0,0,0,0,0,0
NGHLF,micro,0,0.000,0.000,1,-0.660,0.436
LATAU,skip,0,0,0,0,0,0
SCXBF,skip,0,0,0,0,0,0
XIIIU,skip,0,0,0,0,0,0
SVAQW,skip,0,0,0,0,0,0
GPTGF,micro,79,-273.882,2468.630,229,-727.302,13757.963
ONBPP,mid,0,0.000,0.000,144,-40.999,159.719
CXIIW,skip,0,0,0,0,0,0
ZJNGF,skip,0,0,0,0,0,0
ENBMF,small,0,0.000,0.000,15,-16.251,72.079
FWACR,skip,0,0,0,0,0,0
OBCKF,skip,0,0,0,0,0,0
AAPL,large,44,-10.232,88.115,1162,-261.541,1740.156
GOOGL,large,7,0.180,15.831,559,-138.946,929.278
MSFT,large,10,-3.367,8.734,1016,-297.690,1423.871
AMZN,large,5,10.841,27.476,746,-223.110,1072.549
AVGO,large,1,-1.077,1.159,409,-114.274,525.459
META,large,8,-6.264,6.638,338,-105.705,510.335
TSLA,large,23,10.368,49.680,414,-65.943,636.428
WMT,large,23,1.181,57.096,1359,-335.605,2005.336
V,large,3,-0.998,2.960,438,-199.040,594.731
ASML,large,15,-12.074,15.053,795,-206.846,1263.354
JNJ,large,32,-10.433,36.076,1440,-354.293,2146.895
INTC,large,25,-2.682,46.357,1187,-192.105,1823.578
MA,large,0,0.000,0.000,494,-202.655,715.271
CSCO,large,7,3.665,19.623,918,-268.085,1274.687
ABBV,large,6,-5.049,6.185,332,-115.498,462.554
AMAT,large,46,2.959,95.050,1173,-274.289,1752.266
COST,large,15,-10.960,12.695,1021,-328.144,1367.234
ORCL,large,16,4.733,13.467,1016,-285.562,1391.847
QH,micro,20,-10.485,31.369,140,10.938,173.704
GE,large,35,1.347,54.775,1457,-270.389,2189.236
LRCX,large,44,11.885,45.362,1070,-297.476,1454.861
CYATY,skip,0,0,0,0,0,0
PLTR,large,0,0.000,0.000,129,-17.864,234.890
UNH,large,31,6.932,41.961,1060,-273.821,1587.301
KO,mid,22,4.373,58.731,1414,-419.489,1970.448
CVX,large,15,-12.393,14.108,1443,-256.164,2240.164
HSBC,large,15,-4.697,13.156,679,-113.122,1186.143
MS,large,4,0.071,1.617,844,-224.538,1157.593
DELL,large,1,-1.065,1.133,232,-76.488,353.547
BABA,large,4,-2.390,2.588,284,2.407,535.754
NFLX,mid,35,15.390,75.253,610,-161.956,889.481
RTX,large,28,-8.809,28.633,1440,-313.983,2284.399
PANW,large,2,-2.101,2.207,351,-124.411,499.973
ARM,large,0,0.000,0.000,60,-2.434,85.349
PM,large,7,-6.204,7.919,431,-122.204,656.441
RY,large,16,-3.954,14.599,797,-261.343,1294.798
NVS,large,11,-1.864,18.968,719,-226.051,1161.129
GEV,large,0,0.000,0.000,50,-12.614,51.510
WFC,mid,22,17.260,84.280,1387,-325.491,2053.332
ANET,large,13,-4.140,27.000,281,-91.774,423.485
TXN,large,28,-7.718,51.316,1376,-356.179,2040.727
MUFG,mid,17,-3.767,24.088,636,-145.863,1039.729
AZN,large,18,5.814,60.524,857,-162.968,1467.968
SHEL,mid,6,-6.359,6.742,1073,-182.473,1847.737
AXP,large,28,5.555,27.066,1369,-303.114,2011.099
C,large,44,-3.766,51.314,1249,-250.709,1924.060
BHP,mid,44,29.277,141.234,1178,-191.139,2285.462
LIN,large,7,-7.982,9.103,858,-306.912,1066.369
SAP,large,11,-3.674,15.268,781,-213.308,1304.586
IBM,large,35,-14.433,33.244,1433,-167.826,2396.658
TM,large,29,2.040,48.170,1186,-149.691,2107.444
AMGN,large,19,-1.032,31.513,1085,-243.321,1470.231
CRWD,large,0,0.000,0.000,167,-49.393,218.974
APH,large,15,6.081,32.815,884,-279.715,1384.278
TMO,large,43,-14.838,49.521,1164,-322.731,1785.638
SAN,small,48,-27.866,106.001,991,-321.361,1875.391
TD,large,21,-10.902,20.254,756,-252.778,1239.066
STX,large,33,-16.741,28.942,584,-53.997,1005.614
RTNTF,large,93,80.007,622.715,398,-23.305,1182.221
NVO,mid,47,21.770,141.351,1157,-391.469,1999.292
MRVL,large,17,-2.325,19.530,653,-53.673,969.122
SHOP,large,1,-1.055,1.113,262,-83.303,439.208
VZ,mid,15,0.951,11.107,1081,-273.582,1591.541
BA,large,51,39.806,150.711,1436,-249.607,2264.946
PEP,large,24,0.784,35.852,1377,-433.672,1901.766
TTE,mid,9,12.388,29.276,880,-159.976,1449.490
SCHW,large,30,-3.469,30.780,982,-263.058,1413.539
KXIAY,skip,0,0,0,0,0,0
TMUS,large,19,-11.080,14.518,494,-164.892,712.753
ABT,large,15,0.215,33.238,1180,-375.679,1593.316
UBS,mid,12,22.122,68.997,633,-105.132,1145.930
TJX,large,14,0.568,22.498,992,-360.526,1331.509
UNP,large,22,-1.529,41.926,1176,-234.704,1823.935
WELL,large,26,-7.177,20.115,1181,-286.246,1551.670
BX,large,9,0.663,3.037,480,-130.336,666.601
BUD,mid,14,2.365,18.005,415,-91.344,747.823
DE,large,27,-2.221,46.834,1387,-264.557,2137.636
QCOM,large,20,-3.009,43.386,858,-90.159,1359.621
RIO,large,17,-7.189,15.367,924,-201.150,1610.712
SCCO,large,23,-15.855,21.255,766,-133.708,1147.455
GILD,large,11,0.196,16.443,881,-221.767,1179.605
SMFG,mid,16,0.488,27.021,498,-109.294,804.459
BKNG,large,15,7.155,21.534,675,-125.508,1077.510
T,mid,20,12.052,56.244,1089,-273.712,1563.074
BBVA,mid,29,17.309,76.570,964,-160.763,1758.181
DTEGY,mid,8,-0.911,19.506,717,-202.465,1190.409
ATEYY,large,24,-2.889,53.257,625,-2.115,1400.458
IBKR,mid,6,0.799,12.482,484,-68.743,747.261
SMERY,mid,17,-16.584,17.400,135,-61.020,209.570
PFE,mid,25,15.441,68.529,1370,-372.722,1934.228
COP,large,15,-5.400,11.530,1131,-207.220,1722.358
APP,large,4,1.306,4.396,101,-14.072,140.235
DHR,large,3,1.074,10.186,1215,-278.214,1877.946
UL,mid,42,-18.359,60.349,1169,-334.410,2141.703
UBER,mid,12,1.507,5.118,166,-23.062,236.991
GLW,large,46,2.381,111.009,1133,-266.032,1735.098
COF,large,4,4.802,13.018,801,-189.670,1204.866
CB,large,7,6.308,6.423,843,-212.904,1255.701
PLD,large,11,-6.362,17.025,729,-226.119,1020.018
ISRG,large,22,-12.639,14.943,634,-216.116,868.598
SONY,mid,31,11.724,57.235,1368,-110.198,2673.584
MFG,small,10,-1.893,8.294,486,-134.701,788.188
BMY,mid,14,3.733,16.979,1374,-283.325,2159.489
PDD,mid,2,-1.189,1.123,178,-35.636,260.969
SYK,large,8,-3.496,4.749,1193,-295.206,1901.184
BTI,mid,18,-5.118,17.769,1173,-324.136,1843.465
CVS,mid,30,16.525,96.493,1345,-288.859,2091.593
BMO,large,17,-2.884,21.522,814,-248.212,1338.162
PH,large,25,3.170,39.091,1176,-243.537,1897.950
PGR,large,51,-33.199,57.959,1160,-293.762,1959.701
HDB,mid,8,0.740,15.407,619,-153.154,987.813
VRTX,large,37,-17.045,22.197,885,-154.743,1187.672
NOW,large,3,5.108,12.704,358,-108.684,488.298
SPGI,large,18,-1.778,23.541,1350,-452.490,1876.503
SBUX,large,7,-4.975,5.264,872,-207.888,1268.332
PBR,small,42,-14.499,49.008,630,-41.364,1132.767
HWM,large,6,0.045,3.897,236,-88.617,324.835
MO,mid,35,-20.984,55.880,1440,-366.906,2268.675
ENB,mid,51,-31.220,196.702,1072,-249.150,2146.360
SNOW,large,1,1.238,1.532,136,-32.730,218.278
NEM,large,24,31.227,101.803,1167,-117.146,1919.093
CM,large,25,3.903,26.990,744,-137.208,1313.508
BNY,large,32,4.334,84.331,1342,-238.251,2225.493
BNS,mid,20,17.608,64.017,597,-189.258,966.168
VRT,large,6,1.238,5.874,203,-58.038,293.050
ADP,large,1,-0.454,0.207,1160,-386.975,1571.767
TT,large,37,-18.847,37.361,1176,-272.408,1922.339
SO,mid,12,-7.883,8.842,1138,-396.001,1425.857
NET,large,7,9.941,14.518,145,-39.223,191.067
ACN,large,10,11.092,24.620,651,-180.684,1083.630
PWR,large,21,-9.570,11.225,682,-177.034,1014.214
GD,large,67,-6.035,158.933,1470,-298.363,2441.958
EQIX,large,18,-14.426,21.108,631,-243.483,825.211
CVNA,mid,15,7.174,21.912,211,-22.574,320.217
GSK,mid,28,8.297,69.661,1193,-297.271,1910.908
ING,mid,14,1.675,12.235,791,-156.584,1479.860
DDOG,large,3,-1.999,1.754,159,-4.603,253.423
SNY,mid,22,-15.550,38.376,603,-212.828,880.753
ADBE,large,33,17.553,72.492,1016,-209.801,1507.744
PNC,large,50,-4.373,51.872,1288,-259.085,1980.040
USB,mid,78,-46.191,56.246,1351,-335.970,1838.800
BN,mid,20,9.121,44.375,1080,-338.467,1760.880
KKR,large,1,-1.082,1.171,394,-90.915,545.047
FCX,mid,29,1.454,39.918,790,-73.575,1303.873
MELI,large,19,8.811,16.693,459,-111.478,641.927
BCS,mid,24,10.363,70.022,1016,-296.179,1794.308
DUK,large,10,-7.204,11.687,1159,-389.989,1586.362
CME,large,5,1.179,3.907,611,-205.742,729.504
CEG,large,1,-1.066,1.137,106,-30.904,120.321
MGCLY,small,0,0.000,0.000,6,-1.344,11.921
CNQ,mid,13,1.704,21.184,632,-113.423,1003.500
CSX,mid,19,-0.607,26.218,1154,-313.874,1716.907
MMM,large,26,47.886,131.963,1462,-259.534,2339.779
MAR,large,9,4.228,16.129,691,-208.090,1012.658
JCI,large,38,-9.465,35.024,983,-211.325,1603.388
CDNS,large,6,-1.894,5.576,998,-328.550,1438.711
MNST,mid,174,-54.206,72.484,1028,-230.421,1203.766
ITUB,small,13,0.013,24.183,621,-175.191,934.174
EQNR,mid,14,14.299,45.546,606,-90.100,1051.687
MRSH,large,26,0.927,20.003,1378,-447.271,2006.916
LYG,small,22,-5.807,30.194,609,-150.468,998.185
EMR,large,18,-0.363,7.957,1371,-244.497,2070.748
IFNNY,mid,53,-14.372,110.798,653,-121.753,1250.136
ABNB,large,1,-1.025,1.052,135,-39.458,184.977
CMI,large,48,4.683,88.386,1356,-179.403,2359.943
DASH,large,4,1.203,3.820,139,-19.024,270.946
WM,large,13,-7.489,7.145,950,-202.984,1324.882
SHW,large,0,0.000,0.000,1191,-326.154,1668.740
HCA,large,4,-0.061,2.634,365,-110.288,506.612
MPC,large,2,2.811,3.977,367,-98.431,549.115
WMB,mid,29,-0.367,27.533,1125,-246.516,1735.946
VLO,large,18,-2.130,14.302,1130,-191.274,1895.239
SNHIY,skip,0,0,0,0,0,0
RCL,large,30,11.325,49.259,840,-88.725,1411.768
CMCSA,mid,13,-0.396,12.237,1177,-254.624,1751.295
BAESY,large,16,18.258,71.559,569,-88.525,959.019
ITW,large,28,-2.689,62.227,1357,-252.186,2320.389
ELV,large,8,13.796,37.954,637,-149.107,977.423
HOOD,mid,2,0.365,3.011,102,-31.097,120.008
BAM,mid,0,0.000,0.000,61,-20.721,86.278
ICE,large,6,7.073,20.051,515,-102.169,731.179
MCO,large,2,0.772,3.767,792,-367.563,1094.114
NTES,large,33,-6.700,40.868,670,-136.149,1055.934
ASX,mid,9,-4.664,11.030,629,-160.999,1019.054
EPD,mid,7,3.129,26.200,699,-150.736,1061.539
PSX,large,1,2.932,8.595,350,-57.313,569.081
ROST,large,38,2.686,76.535,1038,-269.846,1529.631
GM,mid,12,-7.181,17.241,384,-76.762,573.774
NGG,mid,20,2.007,38.683,514,-137.620,832.562
CTAS,large,2,-1.928,1.901,1082,-321.131,1430.652
CP,mid,14,11.577,27.200,1079,-269.945,1590.840
ECL,large,41,-3.645,98.046,1364,-362.076,2099.916
MDLZ,mid,29,-8.718,35.614,632,-160.672,888.710
TRV,large,52,-30.599,75.710,1284,-174.109,2160.051
REGN,large,32,-9.677,47.018,899,-53.148,1367.602
NOC,large,17,2.463,15.593,1134,-307.352,1915.955
AMT,large,8,1.900,23.487,722,-176.553,1075.115
SNPS,large,10,1.060,18.451,847,-222.135,1185.043
E,mid,11,0.327,17.250,779,-173.452,1271.690
CNI,large,14,-1.581,25.254,744,-238.833,1106.883
NWG,small,31,11.014,67.511,456,-91.413,884.838
NSC,large,24,-10.162,26.683,1117,-321.310,1668.565
AON,large,21,3.553,42.639,1174,-360.695,1710.154
ORLY,mid,1,-1.071,1.147,848,-283.704,1028.883
APO,large,15,3.822,7.368,380,-40.062,579.509
SLB,mid,19,2.086,29.670,1137,-100.588,1779.022
CL,mid,24,2.048,43.522,1339,-348.646,1932.505
MFC,mid,26,-5.416,26.029,667,-109.850,1076.960
FDX,large,22,3.299,38.401,1248,-295.550,1968.795
DLR,large,11,-4.354,16.550,519,-167.514,720.865
URI,large,23,8.996,39.009,722,-165.651,1139.792
HLT,large,9,0.472,6.895,304,-108.092,407.005
HPE,mid,2,-2.123,2.254,247,-28.180,401.679
AMX,mid,6,3.596,17.663,655,-196.352,939.989
EOG,large,13,3.489,23.600,918,-131.295,1456.705
CI,large,37,17.266,86.994,1129,-250.084,1752.277
DB,mid,15,-3.646,32.151,753,-54.939,1529.473
RACE,large,0,0.000,0.000,245,-116.185,352.742
PCAR,large,38,-21.620,57.080,1179,-176.800,1801.513
ET,mid,15,0.193,27.087,500,-56.098,826.357
NU,small,0,0.000,0.000,106,-19.640,150.581
KMI,mid,5,6.055,25.954,376,-60.730,571.865
BE,large,24,-12.234,12.304,195,-1.075,334.739
BSX,mid,21,19.340,70.573,856,-195.603,1299.435
CRH,large,60,-20.032,222.436,889,-256.391,1550.902
APD,large,13,-11.046,13.552,1178,-322.253,1724.764
HONA,skip,0,0,0,0,0,0
MPWR,large,6,4.368,12.909,527,-156.018,692.378
LITE,large,2,1.832,9.571,260,-52.360,368.222
COHR,large,25,-8.176,12.954,977,-150.602,1386.046
TFC,mid,45,-24.996,54.522,1183,-249.649,1599.369
WBD,mid,20,-1.688,48.956,528,-132.147,804.867
AJG,large,39,0.895,81.049,1067,-186.179,1976.895
RELX,mid,6,14.840,39.641,810,-316.573,1394.687
VALE,small,22,7.113,41.323,585,-146.262,965.908
TEL,large,12,1.585,12.029,495,-109.970,722.360
MDLN,skip,0,0,0,0,0,0
NKE,mid,33,3.653,44.678,1141,-297.860,1818.582
COR,large,27,-4.150,70.895,789,-234.015,1223.150
MET,mid,13,-6.913,12.096,653,-180.104,864.405
BKR,mid,29,-7.136,62.626,993,-210.392,1366.771
TER,large,62,-22.273,75.481,1357,-234.451,2259.290
PSA,large,23,1.243,56.800,1168,-242.731,1581.220
MPLX,mid,5,8.399,20.108,347,-67.162,484.427
D,mid,8,-3.852,8.037,1166,-349.911,1646.371
GWLIF,mid,29,-12.684,61.258,608,-108.915,1530.183
CIEN,large,20,-9.507,29.346,734,-91.590,1085.287
GRMN,large,9,-8.713,8.907,668,-185.860,933.634
AME,large,23,5.530,19.744,1067,-287.110,1603.615
NXPI,large,3,-3.156,3.321,361,-131.677,476.463
KEYS,large,12,-8.897,9.972,285,-75.682,490.331
FAST,mid,25,-16.749,22.572,994,-274.169,1402.207
MT,mid,25,11.257,38.296,721,-1.332,1304.585
F,small,92,1.426,165.360,1384,-263.362,2393.249
NBIS,large,0,0.000,0.000,25,-3.991,19.174
RBGLY,small,11,-9.040,16.634,452,-220.111,671.751
LSEGY,mid,9,17.338,45.834,180,-57.060,283.284
ALAB,large,0,0.000,0.000,41,-8.068,59.428
TRGP,large,20,-3.269,38.192,387,-82.557,594.589
CAH,large,43,-40.262,46.905,1090,-322.641,1658.351
WPM,large,16,-2.309,12.675,534,-59.701,875.918
OKE,mid,26,-3.516,51.544,1148,-319.812,1655.459
CARR,mid,18,-0.957,28.286,140,-37.078,202.238
ARGX,large,0,0.000,0.000,215,-42.704,318.888
OXY,mid,34,4.678,87.673,1140,-193.376,1603.293
CTVA,mid,0,0.000,0.000,152,-40.172,209.461
TAK,small,14,13.704,43.518,428,-144.379,723.867
NDAQ,mid,13,-6.506,16.533,588,-195.554,887.958
EA,large,15,-5.303,18.316,924,-255.536,1165.745
FANG,large,7,15.668,48.193,329,-81.816,391.530
FITB,mid,23,0.468,25.814,1196,-263.147,1845.551
STT,large,26,6.688,24.555,1184,-220.256,2091.057
CVE,mid,18,4.623,26.701,387,-58.186,541.911
GALDY,mid,0,0.000,0.000,35,-21.819,40.759
EW,mid,7,9.240,26.699,682,-234.104,925.476
ROK,large,41,-12.070,54.974,1123,-256.830,1667.275
INFY,small,21,-1.094,42.578,662,-201.038,1180.823
ADSK,large,37,-13.025,32.339,1044,-254.635,1524.884
WAB,large,12,-1.699,9.652,782,-274.772,1086.390
ETR,large,32,-9.484,55.004,1377,-302.482,1997.128
CRWV,mid,0,0.000,0.000,13,-1.790,15.321
PYPL,mid,8,6.317,17.160,288,-80.851,456.792
AMP,large,6,-2.933,3.846,499,-93.946,793.134
DEO,mid,10,3.480,28.237,899,-233.397,1473.671
FERG,large,65,-77.933,1214.189,377,-80.105,1098.775
AXON,large,33,-18.234,34.076,628,-66.880,1046.470
CBRS,skip,0,0,0,0,0,0
VIK,large,0,0.000,0.000,35,-17.987,44.950
XEL,mid,26,19.137,56.168,1362,-346.465,2081.395
UMC,small,9,1.305,10.573,653,-81.219,978.484
FER,mid,82,-57.001,311.564,266,-148.048,1222.357
CCEP,large,37,-1.745,38.453,1021,-290.583,1508.816
EBAY,large,19,-10.539,26.340,704,-153.740,1000.695
VST,large,1,-1.110,1.231,219,-75.459,273.541
STM,mid,20,8.025,47.027,807,-119.557,1421.604
ABEV,micro,123,-250.213,3552.286,687,-509.118,2985.083
EXC,mid,46,-32.614,66.184,1349,-382.979,1853.611
RKLB,mid,13,-5.926,13.797,150,-47.250,154.895
FLEX,large,38,7.961,33.580,791,-159.208,1195.896
SMTOY,small,104,-95.247,343.154,638,-629.558,7864.930
ARES,large,17,-10.619,11.810,288,-73.973,454.268
IDXX,large,16,10.250,56.126,883,-302.448,1168.514
AGGI,skip,0,0,0,0,0,0
SLF,mid,4,-1.937,2.016,685,-164.949,1060.143
JHPCY,skip,0,0,0,0,0,0
JBS,small,3,-1.156,0.576,7,2.594,9.907
ODFL,large,10,-2.793,26.726,851,-262.390,1142.810
AU,mid,30,7.447,73.138,704,-68.465,1182.284
TTWO,large,13,-10.041,10.278,737,-189.421,984.722
HUM,large,43,6.703,53.693,1128,-175.979,1833.557
HLN,small,3,1.951,1.358,92,-12.206,163.998
CMG,mid,10,16.238,48.027,491,-142.944,740.420
CBRE,large,5,4.376,9.525,566,-115.958,900.067
TRI,large,0,0.000,0.000,597,-217.644,900.105
UAL,large,26,4.352,73.766,510,-28.606,860.964
LYV,large,11,2.248,21.580,510,-121.397,776.916
FMX,large,10,-4.210,9.007,700,-136.193,1107.165
MCHP,mid,13,-1.418,27.073,841,-196.143,1070.140
KB,large,26,-1.116,43.924,617,-65.183,1165.138
CLS,large,17,-6.636,32.503,702,-77.171,1216.316
DHI,large,5,-0.526,1.421,875,-215.019,1123.787
CRDO,large,6,-6.151,6.305,77,-23.175,106.540
KDP,mid,26,3.672,48.519,459,-219.545,587.794
PAYX,large,7,2.546,2.156,1090,-259.454,1546.048
RVMD,large,7,9.925,22.495,159,-43.222,185.499
MSCI,large,21,-12.390,28.927,437,-105.646,665.282
YUM,large,2,1.853,2.224,749,-265.764,1094.153
WCN,large,0,0.000,0.000,684,-240.324,913.016
CCJ,mid,26,4.580,45.250,761,-103.906,1269.465
BMWKY,mid,10,0.076,13.845,414,-33.093,858.313
CCL,mid,27,11.818,71.659,984,-234.173,1575.419
TEVA,mid,81,-14.682,89.596,1125,-217.550,1592.042
SYY,mid,50,-25.797,55.297,1357,-255.433,2239.730
ESLT,large,3,4.413,6.580,714,-197.447,988.703
COIN,large,1,1.409,1.984,124,-10.220,166.821
A,large,16,-6.130,10.709,663,-122.822,1026.637
WAT,large,18,3.160,16.169,773,-106.536,1320.334
HIG,large,15,7.198,20.106,776,-156.564,1248.637
NTRA,large,6,-2.869,5.389,263,-45.228,360.232
IQV,large,0,0.000,0.000,309,-67.801,471.945
ROP,large,15,-12.626,16.004,877,-248.962,1263.398
BBD,micro,30,-22.333,43.975,590,-176.909,1027.988
STLD,large,13,0.775,28.711,747,-125.269,1090.952
PCG,small,50,6.203,58.940,1378,-423.066,2051.020
EXPE,large,31,-15.482,46.061,526,-123.442,778.990
BIDU,large,15,2.359,28.301,520,-77.932,787.938
PEG,mid,26,-5.022,39.019,1184,-356.019,1664.589
KVUE,small,7,12.877,26.776,74,1.524,118.319
NTAP,large,21,-6.191,26.123,761,-182.589,1210.860
IRM,large,37,0.413,57.131,767,-232.248,1086.647
KMB,large,20,-7.180,28.432,1171,-227.809,1779.386
MTB,large,45,-25.605,59.435,1184,-358.015,1863.155
EME,large,25,-19.200,22.915,795,-213.448,1159.842
JBL,large,44,18.260,114.602,849,-93.809,1505.180
HSY,large,5,-5.376,5.782,1160,-328.827,1693.635
FRFHF,large,10,-5.241,9.367,579,-121.658,774.116
HBAN,small,36,24.585,62.973,1187,-346.247,1635.618
MSTR,large,42,-17.293,50.773,704,-105.982,977.711
DLMAY,skip,0,0,0,0,0,0
VOD,small,28,5.323,46.110,952,-165.330,1696.048
WEC,large,3,-3.168,3.346,1177,-380.333,1587.552
IR,mid,4,-3.278,3.471,215,-49.645,351.814
PUK,mid,8,2.842,9.796,654,-88.703,1274.382
UI,large,4,-4.137,4.279,358,-101.881,538.240
TKO,large,14,-9.897,13.839,678,-157.268,1016.618
VEEV,large,3,-1.722,2.423,305,-82.387,471.557
ALC,mid,0,0.000,0.000,163,-31.166,300.421
EC,small,29,37.212,127.441,457,-24.717,889.641
SHG,mid,8,12.348,29.289,554,-71.843,938.043
ONC,large,0,0.000,0.000,248,-50.856,332.777
NTRS,large,47,-21.924,32.628,1193,-294.889,1790.385
ACGL,mid,9,-3.196,17.535,761,-286.203,929.228
CNC,mid,22,-0.534,36.204,619,-163.301,898.776
RPRX,mid,0,0.000,0.000,134,-6.870,176.226
MLM,large,18,3.735,26.764,825,-176.649,1243.047
ERIC,small,40,1.938,96.324,1134,-415.787,2031.301
EXR,large,16,-9.613,20.878,537,-166.105,734.805
SUNB,skip,0,0,0,0,0,0
RSHGY,mid,0,0.000,0.000,7,-5.420,5.705
TECK,mid,36,-26.605,36.503,607,-111.625,1012.207
RMD,large,19,-1.392,19.256,803,-209.415,1205.487
EQT,mid,20,8.789,43.069,1175,-185.818,1933.053
NTR,mid,10,7.253,16.589,191,-47.842,246.447
TPR,large,13,-12.778,13.089,644,-81.852,1048.217
CCI,mid,11,-10.913,11.089,696,-143.563,1076.192
RYAAY,mid,12,7.386,39.124,734,-171.437,1103.777
BAP,large,53,-7.556,98.357,780,-169.427,1259.686
CASY,large,16,-3.372,19.634,1085,-336.126,1355.798
GEHC,mid,0,0.000,0.000,82,-29.766,121.366
WTW,large,16,-1.822,20.089,603,-159.155,873.018
UNVGY,small,1,-1.138,1.294,33,-7.772,55.637
CFG,mid,12,10.360,33.318,293,-58.269,404.670
VG,small,4,-0.841,1.225,22,-5.388,15.040
FSNUY,small,12,-11.733,13.030,334,-109.676,647.697
BIIB,large,19,-12.206,16.792,895,-205.607,1123.610
ALNY,large,6,-2.316,13.807,539,-77.323,753.936
KHC,mid,9,-6.409,18.297,264,37.429,487.823
KGC,mid,121,-27.510,187.800,1156,-116.491,1596.112
MDB,large,4,4.659,10.224,214,-37.019,299.540
AEE,large,5,-2.924,6.461,698,-191.972,985.988
CBOE,large,1,2.922,8.536,403,-146.588,459.558
ILMN,large,43,-18.766,35.223,639,-165.039,945.932
LVS,mid,20,-8.010,13.192,543,-21.893,889.863
RDDT,large,0,0.000,0.000,37,0.073,67.639
TWLO,large,16,-12.862,25.525,237,-54.496,363.741
ZM,large,1,1.229,1.511,169,-32.487,222.073
AMRZ,mid,0,0.000,0.000,8,4.617,10.426
FISV,mid,1,-1.059,1.121,1007,-339.713,1270.847
NMR,small,35,-25.705,33.912,618,-57.786,1267.393
VICI,mid,4,8.789,23.406,200,-27.668,348.747
DTE,large,30,-16.226,27.040,1436,-344.738,2012.412
TCOM,mid,11,-3.392,12.973,574,-118.825,839.953
CPNG,small,3,-3.163,3.335,121,6.437,170.334
FTS,mid,7,-1.367,21.851,391,-110.271,805.219
ATO,large,12,-6.531,9.528,1080,-306.419,1458.838
KBGGY,small,2,-2.116,2.238,63,-15.166,125.053
Q,skip,0,0,0,0,0,0
SYM,mid,3,-3.151,3.311,129,-39.518,151.338
TEAM,large,11,7.265,27.994,254,-55.087,385.068
DOV,large,6,4.163,13.356,1177,-287.870,1735.038
XYL,large,11,-7.842,9.615,361,-77.772,590.171
LPLA,large,14,-15.301,16.738,390,-104.431,566.428
DG,large,18,-5.838,19.389,408,-101.731,604.925
OTIS,mid,1,-1.078,1.162,129,-10.360,199.866
ATI,large,22,-4.176,23.190,689,-173.480,928.338
PBA,mid,1,1.870,3.498,365,-99.337,564.921
BSP,skip,0,0,0,0,0,0
FE,mid,16,7.848,53.853,745,-180.347,1234.097
CINF,large,66,-18.988,85.087,1160,-368.963,1641.544
FTI,mid,3,1.978,2.448,619,-195.797,884.049
ES,mid,24,12.654,64.942,1384,-428.128,1758.790
HUBB,large,6,2.464,13.347,803,-230.910,1206.588
GFS,mid,1,0.503,0.253,110,-25.159,146.712
AVB,large,10,5.866,7.307,801,-248.760,1145.074
CNP,mid,27,16.675,73.079,1464,-409.775,2300.910
NVT,large,7,-7.610,8.277,177,-68.425,228.083
WRB,mid,135,-18.396,117.090,1337,-414.206,1674.432
HAL,mid,45,4.334,63.007,1376,-286.319,2184.714
CPRT,mid,25,-0.721,24.972,816,-250.706,1095.455
VRSN,large,20,13.112,48.869,717,-238.157,1007.972
CHLSY,small,0,0.000,0.000,33,8.311,28.386
GELHY,mid,28,-15.443,37.070,408,8.441,929.135
AWK,large,1,2.823,7.972,465,-169.122,643.942
PPG,large,28,-2.851,18.370,1172,-260.261,1719.940
AFRM,mid,11,1.440,19.509,111,5.775,133.655
ASTS,mid,2,-0.939,1.047,160,-35.508,210.434
ZS,large,18,-5.657,31.391,188,-41.868,258.349
EIX,mid,29,0.001,17.691,1349,-367.116,2054.979
UTHR,large,23,-8.592,18.940,680,-154.750,872.837
PHG,mid,32,-15.779,41.816,1179,-250.121,2208.021
SYF,mid,18,-5.358,31.725,285,-80.405,410.957
OKTA,large,4,0.325,2.210,243,-23.057,412.349
JBHT,large,22,7.390,49.037,1079,-199.414,1482.801
RBLX,mid,4,-2.561,3.501,120,-6.778,198.190
CPAY,large,1,-1.062,1.129,368,-114.277,557.197
SW,mid,99,16.629,314.853,403,-149.161,1328.675
ECHO,mid,18,3.125,45.309,461,-20.607,676.608
FCNCA,large,0,0.000,0.000,1005,-242.128,1250.838
LH,large,22,6.533,25.371,936,-251.268,1275.532
FSLR,large,15,-1.679,18.146,472,-16.945,819.681
CTSH,mid,7,-5.514,5.485,706,-188.986,1023.271
ROIV,mid,1,-1.057,1.117,132,-66.143,137.429
DLTR,large,15,-7.550,21.755,801,-171.961,1277.724
WST,large,44,-12.877,82.486,1160,-252.994,2037.308
TROW,large,31,-18.098,36.618,1027,-203.144,1693.686
ARXS,skip,0,0,0,0,0,0
VRSK,large,1,-1.079,1.163,402,-107.210,664.935
PFG,large,7,3.580,17.268,637,-158.161,967.445
AER,large,16,1.474,27.217,463,-155.885,635.462
CHD,large,27,-20.724,28.722,1179,-330.943,1642.400
INCY,large,37,18.341,40.214,824,-109.023,1176.822
FOXA,mid,1,0.899,0.808,176,-45.449,216.672
TSEM,large,64,11.331,126.906,794,-6.445,1329.907
LUV,mid,34,5.543,59.149,1181,-262.316,1756.518
AXIA,small,34,-2.645,62.489,797,-90.103,1274.625
HKHHY,mid,16,-15.727,24.010,309,-104.383,560.179
DRI,large,15,-0.050,10.867,792,-176.326,1164.437
FICO,large,34,2.073,77.339,998,-156.916,1656.854
SOFI,small,4,2.442,12.457,104,-6.021,169.779
IHG,large,4,-4.429,4.911,573,-105.415,1051.745
FFIV,large,23,-9.534,28.109,695,-145.424,1092.320
VLTO,mid,0,0.000,0.000,38,-3.250,56.087
L,large,29,20.944,78.825,1181,-274.045,1956.555
XPO,large,30,11.772,84.630,596,-147.594,725.913
EXPD,large,3,-3.145,3.298,1053,-284.632,1366.426
FTAI,large,8,0.235,6.955,251,-91.882,311.348
BURL,large,1,-1.056,1.115,315,-69.379,437.949
MTNOY,small,5,0.478,13.127,417,-58.382,852.351
BNTX,mid,1,1.378,1.900,155,-2.579,260.094
MKL,large,31,-7.689,38.333,1004,-279.963,1258.734
PKG,large,14,-1.320,18.098,647,-183.017,885.057
RL,large,5,2.068,8.078,737,-176.473,938.800
MRNA,mid,14,4.364,29.482,167,-2.789,258.651
HSAI,small,0,0.000,0.000,74,-5.440,99.681
RIVN,small,5,-2.423,7.195,99,-10.521,126.728
STE,large,5,-1.549,2.962,853,-242.898,1230.046
STZ,large,30,-12.985,21.006,874,-244.690,1351.260
OMC,mid,26,-6.728,29.395,1182,-339.706,1735.962
CMS,mid,57,-0.957,120.566,1350,-307.237,2063.133
ENTG,large,8,-5.638,6.789,654,-102.870,823.500
FIS,mid,6,5.046,21.817,617,-201.500,933.010
WWD,large,26,-1.192,33.593,828,-244.452,1118.393
FWONA,mid,12,-0.323,18.606,323,-91.134,407.191
AMCR,mid,57,-44.641,257.739,310,-109.339,800.870
GH,large,12,1.164,34.342,191,-45.302,247.311
MTZ,large,117,23.923,244.212,1349,-63.545,2110.614
BSBR,small,17,-3.294,24.110,433,-35.413,773.796
INSM,large,46,-2.780,54.451,636,-70.362,861.759
SNA,large,21,9.222,22.986,1357,-294.603,2031.398
ROKU,large,5,-5.230,5.471,227,-57.359,338.997
CIB,mid,35,5.164,84.175,758,20.673,1571.801
DOW,mid,3,0.948,0.829,187,-3.786,339.189
RS,large,29,-31.501,34.237,781,-184.961,1132.930
EDPFY,mid,27,-17.768,44.649,733,-84.980,1461.969
MKSI,large,24,-6.318,23.819,705,-107.084,975.561
STLA,small,20,-9.830,32.747,374,-56.034,798.744
FDXF,skip,0,0,0,0,0,0
CNGKY,small,0,0.000,0.000,31,-22.458,26.572
LEN,mid,54,-40.448,62.448,1177,-215.207,1794.038
EXE,mid,2,-2.136,2.282,121,-26.690,130.231
THC,large,81,-7.888,89.545,1172,-174.159,1783.450
BG,large,28,11.978,87.876,637,-123.162,1082.624
VTRS,small,49,-3.584,80.639,1164,-189.230,1856.583
TSN,mid,64,-24.442,58.397,1179,-159.520,1819.364
EFX,large,35,-28.190,53.386,1186,-284.363,1893.978
NI,mid,36,1.271,47.590,1351,-330.110,2105.444
BCE,mid,38,-9.528,60.877,1115,-321.785,1868.516
CHTR,large,6,0.259,7.361,404,-86.917,628.823
MTSI,large,6,-3.256,4.870,350,-75.367,545.642
PAAS,mid,20,-1.448,32.825,793,-176.895,1040.095
TOST,mid,4,-0.611,1.722,91,-9.320,122.165
SMCI,mid,15,-4.571,11.314,483,-137.779,690.239
ESS,large,15,7.121,49.845,806,-247.921,1141.366
WIT,micro,13,0.327,28.021,648,-288.323,1178.936
INIO,skip,0,0,0,0,0,0
LYB,mid,6,2.637,6.758,396,-83.111,603.128
WES,mid,10,-0.355,16.152,341,-43.122,458.691
EVRG,mid,15,15.086,45.069,1351,-353.312,1952.961
SBS,small,9,-2.573,1.525,600,-168.585,941.479
YPF,mid,43,26.616,132.427,836,-66.635,1434.495
TELNY,small,13,-1.674,28.077,657,-257.874,1186.159
MGA,mid,46,-15.133,64.284,1060,-178.784,1794.379
ZBH,mid,42,-14.728,56.854,603,-113.350,970.898
SBAC,large,8,2.548,16.552,692,-169.357,1024.268
BEKE,small,2,0.906,0.908,118,-20.560,152.699
SSNC,mid,2,-0.301,1.855,401,-86.302,598.260
FTV,mid,7,-6.054,7.247,268,-90.867,399.826
ON,mid,17,-6.997,24.549,632,-130.293,924.055
TPG,mid,2,-0.994,1.210,93,8.536,180.322
EWBC,large,29,-4.109,50.048,689,-114.538,982.882
WCC,large,37,-18.204,41.704,703,-116.741,1097.351
SOAGY,mid,0,0.000,0.000,33,-2.772,66.671
RCI,mid,32,0.524,60.055,745,-111.235,1294.446
RBC,large,5,0.381,2.847,524,-107.004,700.418
LNT,mid,30,4.377,22.609,1356,-392.885,1790.434
RGLD,large,79,14.034,72.808,1152,-53.105,1677.491
GPC,large,5,-3.229,5.133,1167,-208.817,1753.807
WTKWY,mid,5,-0.019,6.045,695,-146.911,1140.248
APG,mid,3,3.350,10.842,130,-19.847,174.369
CF,large,13,11.627,18.587,535,-171.494,703.272
ZTO,mid,7,6.736,11.881,219,-28.941,381.384
GMAB,mid,27,-51.835,134.505,361,-70.329,719.533
INVH,mid,6,-2.987,4.507,222,-66.065,298.753
ROL,mid,9,0.197,12.430,1181,-325.414,1855.775
CHRW,large,9,-9.781,10.639,728,-171.941,1013.144
RBA,mid,7,4.489,30.867,715,-118.036,1278.152
DKS,large,16,-16.733,17.501,581,-117.951,929.128
CDE,small,75,-2.392,92.167,1176,-67.082,1787.111
LSCC,large,21,-1.094,34.572,936,-201.095,1216.552
OWL,small,6,0.492,6.284,122,-24.566,189.608
BEN,mid,25,14.721,61.325,1084,-288.505,1762.485
ZBRA,large,24,-7.475,24.345,882,-215.710,1294.009
PFGC,large,5,-3.979,4.401,262,-92.225,333.889
IEX,large,16,3.111,39.513,927,-257.178,1488.380
TSCO,mid,35,2.722,64.017,824,-137.292,1270.238
PR,mid,6,14.807,43.575,241,-28.818,376.015
NDSN,large,69,-2.807,25.842,1173,-204.891,1541.498
RBRK,mid,1,-1.028,1.057,50,-4.543,89.416
TRMOY,skip,0,0,0,0,0,0
NVR,large,17,5.393,31.267,1027,-246.203,1432.453
NLY,mid,10,8.288,14.516,727,-84.656,1364.095
JLL,large,18,-1.396,37.575,732,-133.881,1117.128
BALL,mid,24,4.206,16.484,1353,-344.346,2059.076
STRL,large,23,-7.294,26.516,885,-109.907,1406.409
J,large,28,6.847,73.594,1183,-291.444,1759.057
WF,mid,13,-0.853,14.531,558,-117.530,971.490
CRCL,mid,0,0.000,0.000,16,-1.606,17.085
H,large,8,0.782,6.821,406,-112.790,567.731
BSAC,mid,19,5.360,42.038,817,-190.429,1357.206
KIM,mid,11,-3.567,13.996,859,-242.018,1294.679
PKX,mid,17,4.184,18.634,804,-50.490,1572.376
ARNNY,mid,0,0.000,0.000,5,-1.570,3.249
JHX,mid,23,-19.706,23.319,612,-93.169,1218.776
NBIX,large,34,11.054,79.065,759,-97.580,1070.586
NTNX,mid,14,0.396,8.041,247,-14.278,407.924
SITM,large,0,0.000,0.000,136,-33.494,175.204
QXO,small,6,-4.250,6.274,352,-48.846,486.745
CLH,large,27,-2.825,23.800,972,-170.568,1233.411
WPC,mid,29,-7.297,30.683,728,-121.052,1132.010
JAZZ,large,11,-1.424,9.033,467,-89.660,619.437
PNFP,large,32,4.205,48.307,644,-137.922,832.510
MEDP,large,0,0.000,0.000,229,-109.049,259.626
OVV,mid,25,9.814,33.782,624,-57.835,1067.700
LDOS,large,23,-20.413,25.063,479,-77.936,729.494
BBIO,mid,1,1.005,1.011,166,-32.095,207.848
ASND,large,3,-1.572,2.331,273,-49.635,314.598
MAIR,skip,0,0,0,0,0,0
DSEEY,small,89,-23.807,223.558,737,-227.048,1598.276
BAWAY,mid,0,0.000,0.000,16,0.601,19.597
ULS,mid,0,0.000,0.000,44,-15.507,54.266
TLN,large,0,0.000,0.000,55,-15.158,77.174
KEP,small,28,-4.948,45.259,798,-72.393,1560.720
FLUT,mid,70,44.871,314.983,311,-104.135,2386.499
LAMR,large,20,-8.011,23.254,755,-197.776,1133.561
IESC,large,56,-19.722,74.479,732,-114.832,1046.834
EMA,mid,5,-6.760,9.142,380,-84.084,840.240
DIDIY,micro,5,0.030,5.455,111,-35.388,157.725
SCRNY,skip,0,0,0,0,0,0
TME,small,0,0.000,0.000,177,-25.259,249.752
LII,large,28,-28.382,29.503,688,-159.497,1052.014
BWXT,large,24,-17.673,31.493,379,-79.766,614.160
SWK,large,29,-25.369,29.988,1182,-273.406,1723.966
TIGO,mid,3,1.379,4.175,186,-38.954,304.592
RGA,large,1,-1.105,1.220,436,-130.141,668.218
FUTU,large,2,-2.052,2.106,160,-61.643,187.580
U,mid,7,4.894,10.100,132,-9.310,184.012
SUI,large,13,-6.603,30.288,817,-156.837,1300.670
PHYS,mid,6,4.360,20.618,408,-147.562,713.071
CSL,large,79,-19.135,134.839,1386,-324.279,2387.499
NWSA,mid,16,1.221,24.212,300,-91.658,465.940
TXT,mid,34,-2.540,60.800,1355,-226.427,2190.974
OHI,mid,30,4.449,48.244,847,-196.035,1273.999
LOGI,large,8,5.655,18.803,761,-120.201,1327.669
NXT,large,2,0.542,0.191,57,-1.915,54.386
PTC,large,18,3.365,16.694,936,-208.600,1325.550
MLI,mid,31,-29.093,35.817,878,-193.253,1324.362
TU,small,58,-55.597,115.526,726,-308.022,2030.324
LECO,large,3,5.260,12.260,815,-182.904,1088.949
VNOM,mid,10,2.357,18.397,295,-50.273,323.706
TRU,mid,4,-0.072,0.168,260,-109.173,363.370
GIB,mid,13,9.751,25.714,697,-123.577,955.813
IONQ,mid,5,-2.154,8.504,132,10.368,171.007
GRAB,micro,5,1.397,9.469,115,-26.722,133.259
DINO,mid,69,-0.781,193.768,1181,-109.047,2343.477
SOLV,mid,0,0.000,0.000,38,-17.484,36.695
DT,mid,0,0.000,0.000,177,-40.320,258.775
ARMK,mid,4,2.086,9.337,292,-80.448,457.211
GFL,mid,4,-1.219,0.497,139,-14.140,204.905
QNT,skip,0,0,0,0,0,0
RPM,large,10,-5.060,13.297,1179,-244.596,1655.628
REG,mid,4,-1.902,5.362,828,-243.556,1160.184
SGI,mid,28,-14.887,27.879,563,-134.567,831.424
DOCN,large,5,-5.195,5.397,120,-15.017,167.765
LYTHF,small,28,-17.008,108.787,82,-7.821,123.266
TLK,small,10,0.895,21.273,760,-45.049,1377.470
PUGBY,small,0,0.000,0.000,17,-9.492,20.482
UHAL,mid,34,6.291,74.244,798,-179.803,1085.339
EG,large,9,0.073,14.915,780,-238.961,1072.857
GL,large,35,-25.243,37.594,1166,-327.974,1739.148
BAX,mid,35,1.493,81.654,1141,-246.202,1692.913
ALLE,large,0,0.000,0.000,300,-67.072,436.188
EXEL,mid,28,-3.361,40.564,655,-100.320,906.198
PS,skip,0,0,0,0,0,0
ALB,large,24,-1.952,39.382,831,-142.212,1380.776
CNA,mid,58,39.931,171.340,1350,-204.050,2182.306
UDR,mid,23,21.661,64.540,1180,-370.615,1377.178
IVZ,mid,17,-7.801,9.945,789,-138.076,1307.982
MKC,mid,49,10.158,72.316,1349,-337.367,1946.756
AEG,small,46,7.568,106.042,1036,-298.085,2180.122
UNM,mid,38,-16.309,58.184,1004,-245.430,1610.251
IREN,mid,3,-3.110,3.224,105,-21.202,100.749
EQH,mid,3,-1.836,2.391,178,-42.460,263.202
LULU,large,23,-10.128,26.576,488,-11.294,874.672
TTMI,large,15,4.701,35.351,636,-53.398,1046.944
SUN,mid,4,-1.816,1.597,329,-121.209,401.037
ARCC,mid,6,2.866,9.742,545,-114.448,824.817
WSO,large,33,14.881,107.111,1068,-250.886,1841.698
LNTCY,skip,0,0,0,0,0,0
FNF,mid,20,4.067,28.203,517,-168.467,756.466
DTM,large,1,-0.570,0.324,124,-57.726,146.195
TXRH,large,2,0.717,0.299,524,-127.342,685.905
AMKR,mid,40,-18.285,64.192,727,-35.946,1203.958
ALLY,mid,9,-3.092,10.564,278,-62.203,443.239
TRMB,mid,28,-11.810,40.841,919,-133.200,1301.091
CNH,small,11,1.030,16.291,314,-71.869,539.882
DECK,mid,22,6.378,47.672,829,-202.933,1120.794
AEIS,large,33,-6.646,33.353,780,-99.093,1164.667
AUR,small,2,3.695,6.864,106,-29.568,126.008
RNR,large,4,2.446,11.689,765,-194.031,1133.009
WMG,mid,27,-13.218,44.316,160,-19.677,249.317
GGG,mid,92,-37.474,92.027,1175,-361.068,1828.084
CCK,large,31,3.754,54.666,1161,-254.777,1703.450
LI,small,3,-3.256,3.533,144,-27.113,217.169
ELAN,mid,2,-2.097,2.198,174,-13.860,327.492
GWRE,large,8,-4.522,16.813,344,-108.627,544.882
PINS,mid,3,6.347,17.464,186,-51.997,261.952
GNRC,large,4,-4.175,4.358,400,-68.962,669.433
HTHT,mid,2,-2.220,2.463,389,-77.595,566.836
PAC,large,8,3.276,3.132,516,-71.390,747.540
CR,large,0,0.000,0.000,64,-20.515,74.871
AGI,mid,4,0.732,2.405,571,-138.885,903.757
ERIE,large,11,-1.416,26.832,775,-158.851,980.697
NVMI,large,26,-9.878,47.135,676,-128.243,1019.773
HAS,mid,27,-3.247,25.628,1161,-310.085,1730.627
PSLV,mid,25,-1.571,62.510,396,-16.722,709.886
EMBJ,mid,33,17.449,58.542,646,-46.185,1056.569
SF,mid,45,39.344,163.589,1088,-180.170,1875.229
RVTY,large,48,-2.695,59.806,1360,-301.676,2150.437
FMS,mid,35,-29.850,39.445,748,-149.299,1371.376
WBS,mid,13,2.709,15.613,1020,-155.530,1542.635
TMTNY,skip,0,0,0,0,0,0
CHKP,large,16,-14.622,14.608,727,-233.036,1015.211
GLPI,mid,12,-13.082,14.268,337,-55.447,509.011
SJM,large,20,-14.821,18.661,784,-138.997,1173.680
HUBS,large,2,-2.105,2.215,298,-83.639,450.612
ONON,mid,3,5.776,11.672,89,5.252,121.009
AGNC,small,15,-10.664,19.871,445,-95.469,932.251
HII,large,7,0.989,15.844,398,-28.377,676.824
ICLR,large,42,-25.823,55.301,690,-242.341,920.500
AA,mid,48,-6.284,75.713,1455,-227.265,2343.928
SEIC,large,44,7.102,73.781,1154,-145.834,1781.938
SNN,mid,25,-15.246,32.696,643,-211.404,1130.221
OC,large,11,5.365,19.081,503,-85.272,697.915
BTSG,mid,0,0.000,0.000,35,-17.937,36.909
TYL,large,55,-19.513,73.642,1176,-236.317,1590.897
AKZOY,mid,26,-20.751,34.306,944,-216.705,1708.935
RTO,mid,41,-26.369,94.490,744,-140.429,1276.707
BXP,mid,7,-0.596,15.086,725,-165.910,1119.068
RRX,large,67,-38.760,95.606,1178,-229.814,2045.561
BNT,mid,5,12.648,33.954,104,-26.599,182.272
ARWR,mid,54,44.370,219.223,765,22.547,1383.917
FIVE,large,8,4.609,6.818,346,-63.359,552.617
BJ,mid,4,4.393,5.353,203,-28.791,231.186
PNW,large,36,9.636,60.357,1350,-225.475,2121.647
BZLFY,small,12,2.379,25.064,473,-159.884,669.327
COKE,large,95,-35.320,84.603,1368,-164.769,1714.857
BLMOY,skip,0,0,0,0,0,0
CSGP,mid,15,-13.332,13.691,698,-133.928,1008.673
DVA,large,23,0.008,27.592,771,-188.378,1202.315
DLAKY,small,40,17.851,85.818,399,-95.117,787.862
DPZ,large,7,-2.234,14.058,552,-155.829,714.628
VARRY,small,0,0.000,0.000,68,-62.972,440.260
DRS,mid,50,-7.608,53.027,1037,-133.800,1164.818
CORT,large,19,-10.644,22.667,545,-84.634,697.212
WSE,skip,0,0,0,0,0,0
OBICY,skip,0,0,0,0,0,0
FPS,skip,0,0,0,0,0,0
CGNX,mid,30,-4.643,47.472,944,-162.710,1398.441
MDGL,large,32,7.653,77.808,503,-60.606,686.733
RYAN,mid,1,-1.079,1.164,91,-16.250,167.238
LFUS,large,15,-4.281,8.887,863,-190.531,1167.912
CONE,skip,0,0,0,0,0,0
ARW,large,41,-11.297,68.656,1185,-179.508,2051.231
IT,large,13,-3.784,17.326,794,-182.622,1179.045
KNX,mid,1,0.012,0.000,813,-175.461,1064.295
TFII,large,23,-1.396,54.377,531,-102.726,1162.496
MICC,skip,0,0,0,0,0,0
SCI,mid,17,4.606,27.852,1163,-282.698,1600.331
JEF,mid,41,-17.485,54.981,1174,-279.440,1852.832
ENLT,mid,0,0.000,0.000,73,-30.761,77.073
WMS,large,4,-2.352,3.885,288,-29.812,473.608
GDDY,mid,0,0.000,0.000,267,-73.605,392.162
HBM,mid,14,-2.046,6.686,428,-51.014,686.718
SMTC,large,28,-1.713,42.062,1186,-137.383,1799.487
AHR,mid,0,0.000,0.000,39,-28.711,33.471
BROS,mid,1,-1.021,1.042,98,-11.558,157.971
PJT,large,6,4.209,11.157,256,-72.344,328.478
CACI,large,32,-9.958,28.543,1181,-255.389,1633.801
YARIY,mid,2,-0.283,1.833,509,-52.157,1077.813
BPOP,large,93,-56.521,90.894,1176,-264.033,1640.056
TECH,mid,13,-2.837,15.040,949,-219.369,1200.989
HL,small,19,1.334,31.707,1184,-38.540,1732.649
UMBF,large,23,-15.211,20.127,1161,-260.058,1415.039
VSAT,mid,25,18.516,54.975,757,-111.550,1158.366
WTRG,mid,4,3.113,10.302,1177,-381.738,1536.451
BMNR,small,0,0.000,0.000,7,-0.948,7.416
MANH,large,25,-7.982,25.113,714,-145.829,1024.866
AAL,small,23,9.518,44.379,502,-8.599,916.438
EHC,large,42,-12.760,65.175,1024,-154.697,1597.481
LGN,skip,0,0,0,0,0,0
PNR,mid,85,15.831,141.034,1347,-243.362,2177.939
ABVX,large,4,1.212,0.501,50,-2.694,74.303
WTFC,large,5,-0.100,8.112,718,-126.935,969.349
JKHY,large,14,6.812,41.941,1022,-271.351,1334.625
AXSM,large,19,-6.617,8.935,249,-79.118,324.398
EGP,large,45,20.175,105.967,1363,-285.252,2385.090
SANM,large,35,2.314,36.156,842,-112.342,1237.931
GMED,mid,8,-0.908,6.010,338,-69.645,448.483
MUSA,large,3,-0.600,1.352,312,-99.554,375.659
DKNG,mid,8,2.984,6.749,171,-4.392,267.918
SPXC,large,39,-26.761,35.826,1167,-201.877,1925.299
BSY,mid,3,3.451,5.187,133,-2.472,240.932
GIL,mid,36,-10.623,57.904,705,-183.319,1210.230
AYI,large,12,11.312,24.179,612,-120.996,1025.149
SMMT,small,10,7.203,9.870,292,-37.659,357.047
GSAT,mid,18,-8.171,17.712,473,-35.094,622.337
CYTK,mid,16,5.576,30.668,569,-73.566,709.203
RMBS,large,46,-19.130,54.765,710,-139.964,1013.127
CART,mid,0,0.000,0.000,48,-15.243,74.633
HUT,mid,12,-3.489,20.377,214,-33.562,270.481
FRT,large,30,34.175,78.769,1344,-415.080,1827.692
WYNN,large,8,0.200,9.081,583,-105.449,858.389
MOD,large,50,-4.493,72.504,1119,-174.362,1603.060
SSB,large,20,-1.904,22.936,735,-111.962,1034.354
LKNCY,mid,6,-3.228,5.468,169,-37.009,240.664
PAYP,skip,0,0,0,0,0,0
AAOI,large,22,-6.719,31.548,317,-24.156,466.636
AES,small,21,-3.684,38.238,873,-289.974,1323.220
KTOS,mid,31,-2.031,30.349,682,31.043,1088.879
ZION,mid,72,-26.419,74.347,1163,-212.939,1613.897
FROG,mid,0,0.000,0.000,144,-35.188,157.567
ORI,mid,36,-18.432,60.419,1172,-232.087,2015.059
SUZ,small,58,-25.319,144.674,446,-115.195,1146.453
ENSG,large,0,0.000,0.000,441,-150.269,514.699
CFR,large,51,-2.724,86.924,1186,-259.146,1882.068
LINE,mid,0,0.000,0.000,24,-3.931,21.288
ONB,mid,22,-11.664,27.825,1065,-267.612,1323.509
MINBY,mid,0,0.000,0.000,28,-7.504,33.390
VICR,large,34,16.830,96.288,911,-185.412,1153.264
SARO,mid,0,0.000,0.000,26,-6.750,27.307
R,large,45,-10.689,50.571,1183,-217.484,1882.365
MOH,large,33,4.515,76.638,579,-114.002,928.631
HSIC,mid,9,7.551,30.897,772,-180.336,1127.255
SIRI,mid,47,-14.945,70.527,800,-103.014,1164.265
APGE,large,0,0.000,0.000,56,-15.375,77.788
RDY,small,10,-6.024,12.891,635,-137.893,1204.966
SWKS,mid,59,-29.038,73.588,1063,-57.345,1712.245
LTH,mid,0,0.000,0.000,109,-31.809,136.002
GKOS,large,7,1.559,13.087,259,-47.050,400.014
PSO,small,10,7.077,22.929,751,-234.979,1130.250
WLK,mid,7,3.284,16.129,536,-76.259,844.656
SAIL,small,6,-6.208,6.423,17,-9.040,17.529
APTV,mid,14,6.334,18.202,362,-124.207,587.575
YMM,small,0,0.000,0.000,113,-17.384,184.525
SOLS,skip,0,0,0,0,0,0
SFD,mid,0,0.000,0.000,16,-9.001,20.421
PRI,large,1,0.506,0.256,402,-141.906,570.017
HALO,large,32,33.481,84.169,558,-113.516,735.723
CHYM,mid,0,0.000,0.000,8,-6.938,7.686
FDS,large,7,-4.819,6.410,751,-154.056,1250.761
ALSN,large,7,-7.277,7.655,354,-73.257,477.579
CHWY,mid,5,3.834,10.365,167,11.292,259.919
PSKY,small,30,3.890,46.670,511,-62.042,825.708
FRHC,large,19,-18.256,19.285,213,-75.809,326.969
OGE,mid,25,-4.532,48.049,1346,-373.372,2034.056
VMI,large,90,-28.733,98.673,1360,-286.901,1811.643
CTRE,mid,20,-22.409,25.134,292,-72.639,392.877
SAIA,large,15,2.689,21.899,586,-128.688,804.649
EAT,large,27,6.001,44.975,1078,-226.823,1633.434
PNDRY,small,22,-11.279,20.905,377,-26.529,765.247
COMP,small,4,-4.248,4.512,120,-6.749,195.852
KRYS,large,0,0.000,0.000,231,-69.659,276.001
OSK,large,16,2.428,42.488,1028,-134.303,1592.499
CUBE,mid,25,-14.321,27.856,519,-139.079,816.767
BRX,mid,8,-3.372,11.763,310,-63.577,481.502
NCLTY,small,6,-4.073,8.712,161,-25.730,192.746
ADC,mid,16,4.449,46.149,794,-146.579,1105.891
MSGS,large,2,-0.192,1.866,278,-71.852,349.673
ESI,mid,8,14.378,40.456,295,-42.195,430.744
JXN,large,9,0.591,4.387,114,-47.935,139.056
EGO,mid,14,-6.571,9.167,580,-102.583,783.858
NCLH,small,4,2.489,13.573,328,-33.051,546.679
OSCR,mid,13,-10.857,15.704,122,-4.366,173.887
MHK,large,23,-9.969,26.395,875,-152.942,1450.254
SPIIY,skip,0,0,0,0,0,0
AZBLY,skip,0,0,0,0,0,0
SNEX,mid,34,15.496,93.194,778,-106.922,1142.895
BIO,large,56,-18.919,67.754,1184,-252.132,1936.660
TKR,large,39,-11.622,43.857,1352,-174.012,2473.381
WULF,small,61,43.872,217.795,810,-121.164,1520.797
PODD,large,22,-6.114,26.291,458,-88.005,667.959
LLYVA,mid,0,0.000,0.000,52,-17.365,89.162
WAL,mid,26,19.499,69.444,544,-90.614,811.170
ALV,large,16,-3.376,22.371,718,-127.434,1201.720
AVTR,small,6,-6.245,6.741,167,-14.940,270.774
FCFS,large,26,-20.912,23.729,891,-193.639,1124.625
VOYA,large,6,-3.873,7.707,321,-66.848,496.764
FORM,large,13,-13.565,14.154,569,-124.378,766.129
IONS,mid,44,18.181,56.101,893,-122.521,1243.115
RRC,mid,138,-28.564,60.386,1094,-181.303,1326.555
CNM,mid,0,0.000,0.000,107,-37.585,142.611
PB,mid,1,-0.104,0.011,720,-186.432,929.614
NNN,mid,7,3.236,5.888,1055,-275.421,1361.607
HLI,large,7,-5.317,8.147,243,-70.034,304.502
SNAP,small,16,-10.230,13.610,222,6.301,423.440
COLB,mid,10,-0.134,5.651,862,-151.644,1033.240
CRNX,mid,4,-3.945,3.956,179,2.652,247.055
SYRE,large,25,-9.580,41.347,247,5.078,350.733
TTD,small,13,12.187,32.017,242,-39.806,396.203
PRAX,large,19,-0.035,22.795,142,-16.642,180.560
RGEN,large,5,2.610,10.530,1010,-140.410,1176.966
XP,small,8,5.469,23.147,159,13.007,281.961
BOKF,large,29,-0.763,54.114,872,-221.060,1140.182
ZWS,mid,2,0.478,0.741,341,-64.731,540.006
TTEK,mid,47,-0.348,95.003,891,-233.806,1274.142
FR,mid,28,-6.012,45.640,781,-200.000,1032.866
PTGX,large,8,1.690,15.866,266,-72.877,360.508
KT,small,25,-0.479,45.553,655,-61.344,1153.788
SNROY,skip,0,0,0,0,0,0
BAH,mid,10,15.841,57.144,410,-74.603,638.908
ATR,large,15,-3.762,34.114,805,-256.372,1127.794
ARE,mid,21,8.640,45.497,735,-210.553,1143.237
APLD,mid,1,-1.050,1.103,101,-16.109,113.604
AG,small,19,12.673,55.129,505,-72.969,688.384
HQY,large,11,-2.710,9.665,272,-70.481,378.105
ELPC,small,0,0.000,0.000,48,-23.088,66.449
CAE,mid,22,6.756,20.558,598,-132.729,896.185
AOS,mid,73,-6.399,133.404,1087,-247.529,1989.268
KYMR,large,9,-1.468,8.796,148,-27.055,189.693
KERCY,skip,0,0,0,0,0,0
AGX,large,109,88.964,437.439,736,-151.767,1259.850
GME,small,35,-14.858,36.676,623,-103.460,955.751
QGEN,mid,17,-3.658,18.807,766,-175.344,1157.870
GWKSY,mid,0,0.000,0.000,10,-2.481,25.673
AVAV,large,25,-6.011,30.757,461,-119.316,582.014
SIMO,large,17,1.676,30.589,536,-100.323,779.910
FRO,mid,16,17.550,60.039,613,-35.242,1105.707
MP,mid,5,9.505,19.090,129,-37.947,151.072
IDCC,large,47,0.460,53.062,1132,-91.826,1732.391
TEM,mid,0,0.000,0.000,40,-11.653,41.582
REXR,mid,15,-2.407,30.183,336,-148.367,421.647
KNSL,large,1,-1.080,1.167,217,-61.537,299.910
QRVO,mid,11,11.112,28.437,286,-39.888,433.322
EMN,mid,36,-6.853,76.638,823,-147.793,1281.837
ZG,mid,6,4.444,13.772,357,-69.094,491.304
ALKS,mid,15,13.575,36.154,888,-132.270,1244.460
STN,mid,13,-12.644,15.134,526,-113.695,869.262
HESM,mid,2,2.278,7.970,211,-68.059,291.318
IDA,large,17,2.432,44.059,1353,-367.165,1914.794
RIOT,mid,19,-7.900,18.777,250,-14.591,320.497
VBREY,small,0,0.000,0.000,12,-2.956,8.114
TTAN,mid,1,-1.024,1.048,20,-8.666,33.772
GGAL,mid,33,-19.278,35.200,663,-64.183,893.255
VLY,small,16,5.924,35.113,911,-288.238,1385.057
PAYC,large,3,0.766,10.570,289,-81.038,418.330
BLDR,mid,20,-12.446,20.568,540,-34.699,857.662
LAD,large,30,2.748,55.924,730,-111.644,1100.550
KNTK,mid,9,-0.362,18.555,179,-48.714,178.501
AXTA,mid,8,6.998,9.904,305,-69.928,524.809
RHP,large,26,-17.983,26.751,851,-118.085,1421.806
ETSY,mid,19,-9.778,19.221,291,-41.493,403.517
NEU,large,27,7.934,35.733,1160,-228.199,1676.842
EQX,small,0,0.000,0.000,173,-35.606,202.655
MAAS,small,2,1.743,8.579,175,-64.461,196.452
IMVT,mid,3,0.832,10.589,156,6.197,227.804
HXL,large,74,10.183,146.351,1178,-189.222,1925.807
FSS,large,25,-4.120,39.015,1177,-254.322,1728.684
PL,mid,4,3.400,7.951,137,-34.998,136.448
PCVX,mid,9,-3.725,4.146,136,-16.265,183.220
LQDA,mid,2,-2.031,2.062,173,-83.061,177.859
SFM,mid,11,9.783,21.395,316,-59.662,451.568
THG,large,22,1.599,29.795,778,-170.715,1231.392
MAC,mid,18,5.571,41.738,822,-157.933,1262.099
AVT,mid,40,-25.990,44.520,1346,-202.393,2293.856
ALGM,mid,8,10.240,30.808,112,-12.504,178.502
QBTS,mid,14,-7.170,10.163,138,-36.465,222.115
AAON,mid,5,-3.753,4.570,846,-270.880,988.746
CBC,skip,0,0,0,0,0,0
PCTY,large,0,0.000,0.000,295,-76.934,373.153
CIFR,small,4,-1.050,7.108,123,-30.757,133.974
AWI,large,17,11.056,42.078,492,-102.829,633.455
BILI,small,5,-0.909,3.402,189,10.655,332.498
YOU,mid,3,-3.134,3.274,113,-40.101,126.404
IBRX,small,7,3.939,15.896,264,-19.858,300.888
FAF,mid,10,-10.901,11.888,417,-176.663,550.391
CAVA,mid,8,-0.476,4.077,45,7.393,91.710
JOBY,small,2,2.314,4.190,128,-1.390,155.939
KLAR,skip,0,0,0,0,0,0
TEX,mid,191,-132.484,231.937,1109,-184.355,1869.678
AXS,large,4,-1.300,2.819,565,-199.358,742.242
TGTX,mid,49,-50.871,52.819,396,-14.855,674.717
NFG,mid,11,-8.552,10.056,1355,-238.939,2207.944
CELH,mid,9,-0.995,13.021,497,-43.434,623.557
OKLO,mid,2,-2.060,2.122,122,-67.168,211.696
SHMXY,small,14,-6.077,2.662,8,1.979,29.604
MSA,large,153,-60.442,91.958,1349,-413.123,1602.365
MOS,mid,37,23.123,96.978,964,-105.660,1634.421
VFS,micro,2,0.308,3.308,113,-270.200,2551.365
GTES,mid,8,2.074,20.167,188,-51.376,268.881
OMF,mid,19,-2.214,13.491,309,-48.998,462.448
RYTM,large,10,11.451,29.278,229,-43.180,290.534
DPC,skip,0,0,0,0,0,0
CWEN,mid,8,0.764,7.129,255,-40.664,411.415
POOL,large,14,3.530,39.306,779,-245.438,967.336
SOBO,mid,0,0.000,0.000,36,-21.894,49.322
CHRD,large,13,10.590,35.472,380,-52.932,522.507
MORN,large,12,-9.342,13.170,523,-119.265,740.548
PBF,mid,15,-4.934,16.787,333,-9.927,548.448
PDI,small,23,1.770,54.810,345,-121.255,653.922
PLXS,large,36,4.103,42.802,1015,-178.117,1451.720
TRNO,mid,7,12.675,29.957,401,-83.943,486.929
GLXY,mid,1,-1.042,1.085,22,-0.501,21.707
RAL,mid,0,0.000,0.000,10,-2.568,5.570
STAG,mid,21,8.485,59.260,371,-113.086,534.395
AGCO,large,7,0.417,8.043,881,-158.110,1358.557
PACS,mid,5,3.331,6.185,41,-4.570,61.526
ESTC,mid,10,0.153,15.019,166,10.359,281.529
S,mid,0,0.000,0.000,113,-36.745,108.690
BJGPY,skip,0,0,0,0,0,0
KRMN,mid,0,0.000,0.000,20,3.507,36.562
HIMS,mid,11,-3.770,14.119,145,-26.957,207.010
PATH,small,0,0.000,0.000,127,3.495,200.395
COGT,mid,18,0.538,20.296,183,-14.465,192.004
VSXY,mid,3,-0.254,5.691,114,-0.532,210.095
SLAB,large,31,-12.174,31.833,654,-121.914,1050.777
SM,mid,33,1.601,50.300,853,-72.224,1457.694
SBSW,small,20,23.632,84.496,326,-32.003,558.788
ACA,large,0,0.000,0.000,168,-46.569,214.609
CORZ,mid,10,-10.472,10.967,53,-11.795,53.691
CLF,small,86,-13.513,152.719,1383,-285.413,2724.456
LOAR,mid,0,0.000,0.000,33,-19.174,24.771
VIST,mid,0,0.000,0.000,141,-21.301,177.760
HR,small,33,-8.781,42.981,856,-163.561,1263.107
ECG,large,0,0.000,0.000,24,-16.081,23.262
CHE,large,50,-40.065,49.099,1335,-254.449,2044.548
NPO,large,16,-10.505,23.489,606,-142.069,904.654
TWST,large,12,-4.467,20.005,196,-58.309,263.742
ENS,large,14,0.929,28.357,525,-89.821,794.722
KEX,large,30,11.269,41.351,1179,-212.101,1764.903
ST,mid,10,4.885,8.292,422,-69.345,711.274
NAVN,skip,0,0,0,0,0,0
NOV,small,28,5.019,53.142,723,-94.149,1126.663
GLBE,mid,3,1.787,9.767,114,4.205,184.812
BCHMY,small,11,-13.538,26.479,54,-12.570,129.115
CAMT,large,25,1.040,28.738,641,-87.630,777.889
APPF,large,6,-5.481,5.696,267,-71.052,377.796
FNB,small,136,-15.621,60.441,1017,-201.033,1133.494
BLLN,skip,0,0,0,0,0,0
QMMM,large,21,-12.603,19.318,10,-8.061,7.643
HLNE,large,5,-2.835,3.382,218,-19.438,381.544
M,mid,28,-12.416,32.159,868,-186.000,1185.175
MBGL,skip,0,0,0,0,0,0
UBSI,mid,7,0.517,2.459,999,-209.862,1190.237
ZETA,mid,2,0.880,1.938,101,-39.513,123.584
INGM,mid,0,0.000,0.000,23,-18.283,20.491
EXP,large,20,23.943,61.280,823,-139.142,1386.141
SGHC,small,1,-0.090,0.008,128,-19.849,169.679
LPGCY,micro,0,0.000,0.000,0,0.000,0.000
ACT,mid,0,0.000,0.000,100,-39.253,153.458
EPRT,mid,12,11.093,38.920,195,-50.593,258.210
URBN,mid,33,-1.960,73.600,824,-136.403,1217.890
FND,mid,4,-4.128,4.261,219,-36.382,282.786
RCWLY,skip,0,0,0,0,0,0
LNTH,large,13,1.139,18.914,276,-52.857,388.539
GDS,mid,0,0.000,0.000,228,-19.066,400.678
QLYS,large,6,-6.320,6.658,324,-86.837,422.654
GBCI,mid,16,-3.441,42.538,1074,-259.122,1277.498
ESYJY,small,40,-3.855,140.447,361,-56.490,1364.086
NXE,small,3,-3.512,4.138,303,-96.766,391.651
FRVO,skip,0,0,0,0,0,0
ENVA,large,7,-1.972,7.032,274,-109.713,366.978
MRCY,large,31,-1.742,32.693,718,-81.868,1079.178
LOTMY,mid,0,0.000,0.000,11,-8.568,11.634
CRUS,large,35,9.535,78.904,957,-128.915,1480.990
CROX,large,27,2.812,30.792,486,-111.445,699.297
SWX,mid,43,-4.178,52.114,1357,-260.302,1640.009
JAN,skip,0,0,0,0,0,0
ERAS,small,7,-4.010,6.325,117,-24.977,127.099
SNDR,mid,2,0.307,0.357,236,-14.351,336.162
WEX,large,27,-18.760,24.870,516,-138.080,770.934
FNMA,small,25,3.524,26.920,1257,-185.361,1947.761
JBTM,large,3,-1.533,2.479,449,-113.553,633.077
TFPM,mid,0,0.000,0.000,78,-47.330,91.258
INGR,large,8,6.577,22.394,727,-153.483,1226.369
NE,mid,8,-4.862,8.182,124,-26.881,168.605
MIRM,large,5,-5.208,5.425,141,-36.610,133.977
SFGYY,skip,0,0,0,0,0,0
HNGE,mid,0,0.000,0.000,11,-2.201,14.087
GATX,large,44,18.104,124.156,1355,-131.436,2420.513
AVAL,small,13,7.095,22.499,279,9.376,431.776
FSV,large,0,0.000,0.000,294,-87.410,388.885
VCTR,large,4,1.342,3.398,179,-67.536,253.823
FIGR,skip,0,0,0,0,0,0
CGON,mid,1,0.460,0.211,46,-7.265,67.330
RRR,mid,21,-1.797,25.688,238,-50.300,294.747
STEP,mid,5,2.973,2.098,138,-18.038,226.981
HWC,mid,7,4.196,12.914,883,-201.404,1077.693
BLTE,large,4,-4.099,4.201,89,-14.298,138.608
MBSHY,skip,0,0,0,0,0,0
MATX,large,42,-6.840,65.826,1349,-249.811,1709.388
PPC,mid,35,-26.523,33.543,985,-192.842,1477.761
FBIN,mid,7,4.553,6.543,380,-60.769,624.095
WFRD,mid,1,-1.031,1.064,116,-35.353,179.730
HOMB,mid,1,2.823,7.967,489,-116.830,592.198
DUOL,large,3,-3.118,3.240,105,-23.821,152.780
MXL,mid,27,11.943,49.472,425,-86.391,624.623
OTEX,mid,32,-13.315,19.307,739,-134.352,1153.900
BBUC,mid,0,0.000,0.000,100,-23.174,123.551
MTG,mid,39,-17.162,59.325,880,-192.544,1456.173
CACC,large,17,3.043,47.777,855,-201.455,1101.071
LUMN,small,17,-7.004,30.952,1186,-272.044,1977.158
XENE,mid,0,0.000,0.000,276,-60.590,272.259
LEA,large,13,-8.099,8.845,414,-65.125,617.646
BYD,mid,34,4.703,52.965,840,-154.501,1183.434
RSI,mid,3,-3.150,3.309,143,-10.292,242.476
MIDD,large,35,6.192,58.239,984,-229.418,1439.508
GTLB,mid,2,0.634,0.245,101,-8.775,151.104
STWD,small,5,-1.571,5.951,395,-69.816,634.534
AUB,mid,5,-1.052,6.529,828,-164.050,1194.011
CPA,large,11,3.831,16.105,510,-87.059,777.795
CZR,mid,16,-10.441,12.141,308,-76.746,396.081
BEPC,mid,2,-0.962,1.148,121,8.645,196.630
ESNT,mid,5,-5.367,5.762,297,-83.267,405.448
LGND,large,34,-0.545,58.292,855,-97.040,1197.744
LKQ,mid,8,4.227,18.430,564,-195.709,788.461
LSTR,large,6,0.886,8.531,852,-231.858,1068.917
SSRM,mid,12,-6.810,15.627,750,-55.467,1065.252
MTRN,large,47,6.384,115.591,1179,-41.312,2039.542
ERELY,small,78,-63.227,253.843,88,-50.194,345.418
TXG,mid,5,-3.298,5.128,172,-5.749,304.254
DNTH,large,5,7.084,18.065,178,-7.104,243.953
CHDN,mid,6,4.643,7.560,849,-131.978,1009.141
ORA,large,3,5.086,9.427,555,-121.421,832.927
ROAD,large,1,-1.025,1.052,166,-39.414,186.509
SLFPY,small,80,-17.824,287.898,343,-233.466,3005.703
AROC,mid,20,9.661,48.224,480,-96.743,736.792
VSEC,large,52,-10.653,132.070,1102,-114.842,1859.696
OR,mid,4,1.684,3.104,219,-30.815,314.579
OGC,mid,9,5.292,25.312,450,-85.433,680.120
FLG,small,25,7.683,57.334,815,-230.686,1266.738
VFC,small,26,-9.675,16.216,1179,-427.641,1947.359
SEZL,large,0,0.000,0.000,60,5.192,83.060
AMRX,small,5,9.663,26.135,184,-41.915,249.163
ASB,mid,63,-27.790,89.670,1185,-287.569,1422.411
MWH,skip,0,0,0,0,0,0
AIR,large,49,-12.462,66.009,1185,-231.404,1849.370
BLCO,small,6,-6.561,7.174,95,-13.725,119.936
TXNM,mid,35,24.008,68.749,1342,-263.881,1966.822
MTDR,mid,9,-2.988,12.489,351,-5.208,601.293
BTDPY,small,4,-2.907,2.536,207,-59.446,1652.139
KGS,mid,2,1.866,1.746,58,-15.394,67.720
GTX,mid,1,-1.078,1.163,210,-42.267,290.298
AX,large,25,8.358,51.086,505,-126.504,651.598
PAGP,mid,15,7.659,60.639,302,-46.637,445.622
ACIW,mid,15,-2.160,26.883,803,-137.534,1164.757
SPHR,large,9,3.207,19.421,136,-10.422,212.610
LB,mid,0,0.000,0.000,31,3.685,50.911
ARSTY,skip,0,0,0,0,0,0
ALK,mid,38,-10.948,46.532,1173,-121.230,1930.729
NICE,large,25,12.423,72.633,774,-199.751,1170.191
MGY,mid,0,0.000,0.000,206,-54.089,272.095
ORKA,mid,47,22.512,88.601,728,66.484,1028.285
NXST,large,5,-1.288,5.021,583,-108.868,814.196
PSMT,large,13,4.067,7.954,713,-144.435,958.849
POR,mid,6,1.130,5.611,520,-159.995,742.725
PTCT,mid,12,-8.890,9.613,301,-32.951,466.879
TVTX,mid,31,-30.802,31.935,331,-47.968,399.152
KVYO,small,1,0.641,0.411,51,-5.625,91.302
SON,mid,15,4.365,19.417,1184,-279.192,1655.927
SIGI,mid,19,11.527,30.613,1187,-279.891,1562.143
HRB,mid,33,-5.450,65.391,1353,-411.126,2016.290
ACI,small,3,-4.126,5.675,139,-41.919,196.009
ESAB,mid,0,0.000,0.000,82,-49.507,90.982
MMYT,mid,17,-0.089,15.426,392,-68.587,497.412
AMTM,mid,0,0.000,0.000,24,7.595,29.029
SRRK,mid,12,20.470,46.601,215,-28.256,264.852
RLI,mid,83,-47.171,71.694,1174,-246.709,1937.415
BMA,mid,36,17.644,77.692,493,3.283,749.093
MKTX,large,14,-11.746,11.427,556,-115.539,718.797
NTSK,skip,0,0,0,0,0,0
EPAM,mid,9,3.496,11.514,328,-86.029,505.682
CWST,mid,50,-8.469,42.717,744,-94.666,1050.234
PRM,mid,1,-1.046,1.095,87,-20.421,112.267
RITM,small,8,4.167,14.669,310,-108.225,523.878
WH,mid,8,6.408,8.631,195,-37.173,286.801
HRI,large,24,12.916,37.009,505,-50.012,869.312
OZK,mid,31,-7.694,33.542,708,-146.364,882.692
OUT,mid,25,-15.421,39.756,324,-57.618,433.860
CSW,large,1,-1.039,1.080,235,-90.168,277.824
REYN,mid,2,1.328,0.933,147,-35.025,168.817
ANDG,skip,0,0,0,0,0,0
ADT,small,6,-2.802,14.187,201,-27.667,341.015
ACMR,mid,4,-1.484,5.928,198,-16.936,317.305
MDA,skip,0,0,0,0,0,0
BCPC,large,18,-4.361,23.493,1015,-180.560,1596.784
ALH,skip,0,0,0,0,0,0
RGTI,small,8,-2.991,13.390,124,4.776,192.710
NOVT,large,23,6.424,39.811,682,-78.724,1028.630
SXT,large,42,-23.952,47.278,1186,-338.038,1711.684
WFG,mid,31,22.916,112.797,426,-9.857,1073.809
CVLT,large,43,-22.127,33.575,471,-66.608,704.311
XE,skip,0,0,0,0,0,0
JMKE,skip,0,0,0,0,0,0
BC,mid,41,-23.554,55.481,1134,-159.213,1836.940
STVN,mid,10,0.923,6.512,116,-25.171,138.043
LPX,mid,31,9.359,68.256,1167,-99.473,1978.029
GVA,large,18,6.121,49.599,925,-177.273,1317.590
BKH,mid,70,25.528,108.747,1348,-389.290,1798.648
GRFS,small,5,-2.636,4.039,378,-37.095,596.288
RKGRY,skip,0,0,0,0,0,0
OBDC,small,7,7.176,8.620,168,-55.843,240.695
GXO,mid,4,0.358,5.788,93,-3.451,154.968
VAL,mid,1,-1.070,1.145,118,1.502,179.314
DAVE,large,6,-4.529,5.758,118,-5.645,140.717
FTDR,mid,3,-2.465,2.290,179,-26.197,257.544
MTN,large,11,11.711,14.247,746,-160.127,1095.895
SEI,mid,11,-3.061,6.927,214,-23.574,263.421
OMAB,large,18,18.358,53.299,498,-103.242,690.189
EBC,mid,4,1.713,4.405,121,-6.295,149.927
WHD,mid,4,1.978,2.443,189,-12.588,321.445
MYRG,large,43,-40.345,43.452,448,-117.459,593.469
AUGO,mid,0,0.000,0.000,5,4.428,9.136
FOUR,mid,6,-0.815,2.934,161,18.192,233.323
BETA,skip,0,0,0,0,0,0
VSH,mid,41,8.061,103.058,1175,-184.599,2067.094
RDNT,mid,32,6.074,36.853,727,-147.286,949.881
CAKE,large,9,3.334,10.912,855,-194.585,1103.759
LAUR,mid,8,6.930,23.509,219,-87.993,260.434
WTM,large,21,-21.006,24.867,1030,-348.402,1479.344
UFPI,mid,25,3.736,37.465,822,-115.154,999.795
SBRA,mid,39,13.343,99.521,630,-107.650,953.657
BGC,small,32,17.296,69.001,642,-183.706,834.034
UNF,large,41,-8.255,95.372,1075,-248.370,1850.157
PEGA,mid,32,1.948,75.166,760,-152.048,1083.990
MMSI,mid,51,-15.207,41.420,918,-150.509,1152.067
MAIN,mid,8,3.351,7.119,456,-91.929,802.447
ELF,mid,22,-18.485,23.783,250,-38.598,437.309
BB,small,63,-18.221,126.483,681,-88.962,1107.597
CRSP,mid,3,-2.605,2.453,228,-26.035,273.354
IRDM,mid,11,-0.852,4.215,458,-142.639,671.142
ENPH,mid,17,9.270,44.273,344,-36.504,533.569
SLM,mid,24,9.867,62.453,1087,-301.973,1540.346
TREX,mid,38,-7.668,67.216,684,-181.584,979.921
TKMTY,skip,0,0,0,0,0,0
TFSL,small,26,-4.930,61.112,473,-71.331,660.290
MMED,skip,0,0,0,0,0,0
EQPT,skip,0,0,0,0,0,0
MAUTF,small,0,0.000,0.000,34,-22.385,33.200
RNG,mid,5,5.725,18.651,322,-47.588,507.152
RELY,mid,5,-1.144,1.445,115,-27.783,167.260
MC,mid,15,-2.736,14.001,283,-64.849,413.651
CIGI,large,45,-20.056,55.082,802,-164.166,1285.098
GNTX,mid,24,-10.301,18.490,1121,-250.115,1545.739
CNX,mid,22,-9.632,25.948,664,-78.687,1023.020
GHC,large,53,-30.137,77.040,1382,-328.656,2409.477
PIPR,mid,30,22.470,101.831,544,-104.856,788.824
XMTR,mid,10,2.995,13.870,109,-9.745,162.936
SHC,small,8,-1.238,7.129,125,14.574,228.760
GEF,mid,13,18.058,74.221,763,-159.669,1069.869
CHH,large,29,-22.771,27.849,754,-182.072,1117.318
LBRDA,mid,7,1.367,5.530,280,-56.555,484.204
GLNG,mid,4,4.520,18.914,587,-81.157,869.728
EXLS,mid,9,7.331,18.482,475,-107.427,726.493
PSN,mid,3,2.325,3.424,174,-38.605,251.460
SKY,mid,39,-3.374,60.166,1350,-195.328,1986.786
PAY,mid,7,-0.819,16.879,124,-14.750,169.597
FFIN,mid,10,-9.827,11.345,803,-218.949,921.832
CUZ,mid,40,-23.033,52.207,1182,-166.947,1740.947
VRNS,mid,30,-14.030,65.399,321,-107.265,412.409
BDC,large,36,-3.839,63.591,805,-67.523,1330.434
TBBB,mid,0,0.000,0.000,46,-7.913,39.273
VSNT,skip,0,0,0,0,0,0
ONDS,small,4,0.051,8.046,137,0.680,200.498
PI,large,44,-15.198,45.505,223,-56.254,302.661
KLIC,mid,65,7.533,100.491,1356,-112.115,2180.051
SFBS,mid,17,9.429,13.167,297,-125.583,357.740
LIF,mid,1,-0.171,0.029,32,-11.209,31.405
CAR,large,53,-24.416,53.769,1085,-158.896,1742.989
BIPC,mid,3,3.302,5.036,163,-34.442,233.016
GBTG,small,0,0.000,0.000,88,-34.782,135.299
IEP,small,40,20.278,115.458,979,-256.301,1672.521
BOOT,large,11,-6.360,14.203,268,-59.273,371.971
MTH,mid,36,36.522,135.697,980,-109.920,1433.089
DYN,mid,17,2.542,27.648,114,-16.183,177.895
HASI,mid,4,2.238,3.180,320,-66.611,494.484
MRP,mid,0,0.000,0.000,23,3.481,38.903
PTRN,skip,0,0,0,0,0,0
NNI,large,5,0.330,5.513,577,-107.366,839.432
OBOCY,skip,0,0,0,0,0,0
FELE,large,26,0.369,24.055,1159,-270.408,1472.560
DOO,mid,96,27.584,356.273,306,-1.426,683.996
SKT,mid,15,10.370,43.891,842,-156.240,1268.730
ANF,large,13,0.775,20.335,758,-68.110,1299.704
OII,mid,53,38.143,99.861,1284,-153.551,1980.873
BILL,mid,6,-5.192,5.635,143,-6.807,220.235
EWTX,mid,5,-0.819,0.345,113,-17.462,102.855
ATAT,mid,0,0.000,0.000,76,-22.843,81.967
OTF,small,0,0.000,0.000,13,-7.153,15.687
FHI,mid,16,-6.861,15.841,719,-125.166,985.576
TNL,mid,18,-6.895,30.420,489,-121.344,713.876
RMVEY,small,18,-38.587,108.350,302,-112.930,627.072
VNT,mid,8,1.551,17.948,150,-5.597,305.830
OPLN,mid,8,-1.216,10.772,387,-100.688,679.474
HAPVY,small,0,0.000,0.000,0,0.000,0.000
FULT,mid,10,2.282,13.434,1046,-169.080,1267.497
GFF,large,49,-5.504,45.284,1345,-173.041,1730.555
IBOC,mid,25,10.351,61.707,788,-189.991,960.769
VVV,mid,1,-1.000,0.999,228,-39.660,321.627
OLLI,mid,0,0.000,0.000,257,-61.229,353.840
TKC,small,36,-24.355,65.947,648,-129.850,1190.475
CENX,mid,26,-4.109,36.795,785,-75.975,1178.304
NWSGY,small,104,-299.933,3296.283,193,-202.018,2314.889
AXTI,mid,34,-1.697,34.492,707,-32.164,965.261
SIM,mid,59,2.028,151.866,806,-23.145,3746.177
CE,mid,8,-8.310,8.636,542,-95.142,874.677
HGTY,small,0,0.000,0.000,122,-39.995,156.177
EPR,mid,18,-1.149,28.680,724,-197.151,1024.633
CMBT,small,0,0.000,0.000,263,-76.958,384.921
MANE,skip,0,0,0,0,0,0
INDV,mid,6,-3.976,4.923,277,-17.908,572.403
KTB,mid,6,1.141,10.609,161,-51.764,192.570
NVST,mid,1,-1.076,1.157,160,-29.557,182.018
AMVOY,skip,0,0,0,0,0,0
KBR,mid,10,-8.243,13.171,486,-74.403,808.818
ITRI,large,33,-8.863,57.406,848,-113.644,1276.862
PRIM,mid,15,6.889,16.821,418,-121.461,562.605
SKYW,large,40,7.175,78.375,1009,-77.447,1495.735
CRC,mid,4,-1.447,1.472,134,-41.822,155.398
KRC,mid,20,-11.176,37.831,740,-167.887,1132.487
CAI,mid,1,-1.034,1.070,9,0.110,7.616
BFH,large,22,10.186,42.101,622,-119.997,978.151
PAM,mid,3,-1.661,2.318,422,-72.170,538.180
CELC,mid,9,0.870,17.552,201,-6.378,240.541
CHEF,large,18,-9.070,15.759,363,-50.956,554.629
CVCO,large,11,-6.113,18.781,583,-160.494,718.171
DLO,small,3,-3.449,3.965,112,-13.996,144.779
INSW,mid,0,0.000,0.000,237,-27.115,377.505
SLGN,mid,11,5.721,20.898,731,-210.222,939.771
MIAX,mid,0,0.000,0.000,3,-3.108,3.221
PLNT,mid,12,-11.373,12.387,265,-56.824,408.734
WAY,mid,3,1.670,1.816,37,-4.720,58.300
FBP,mid,12,7.303,22.739,995,-135.760,1522.323
HCC,mid,0,0.000,0.000,217,-35.881,298.915
AQN,small,9,-4.705,3.975,431,-170.986,806.470
WPP,mid,38,-1.143,61.458,974,-188.751,1683.154
TGS,mid,15,-5.198,18.860,770,-113.475,990.861
NP,skip,0,0,0,0,0,0
CNK,mid,11,-6.119,13.625,487,-126.222,705.541
ATMU,mid,0,0.000,0.000,60,-8.448,92.154
CVSA,large,41,-4.256,58.617,906,-168.332,1413.185
PBLS,skip,0,0,0,0,0,0
GPGI,small,10,-0.351,17.066,106,-27.229,134.191
CRGY,small,0,0.000,0.000,100,-12.523,164.543
TCBI,mid,15,-0.159,16.078,566,-130.039,758.657
LASR,mid,7,-7.249,7.508,213,-10.250,315.643
CBT,mid,59,-29.813,85.791,1163,-183.173,2005.931
CNS,mid,9,4.666,7.459,534,-39.748,855.228
UCB,mid,45,-20.074,59.361,611,-30.032,907.547
CDP,mid,26,-7.888,46.497,874,-200.326,1150.533
MARA,small,23,-2.114,25.768,336,-14.258,460.087
LAZ,mid,4,2.313,4.103,523,-130.918,711.728
LFTO,skip,0,0,0,0,0,0
CATY,mid,17,-4.161,26.634,900,-188.752,1224.547
DORM,large,7,8.365,27.139,888,-185.825,1124.551
NWE,mid,2,-2.149,2.308,459,-148.146,626.027
WSFS,mid,6,-5.760,5.718,1003,-196.894,1124.369
ITGR,large,43,-12.745,74.168,642,-112.362,1093.854
CAAP,mid,18,1.138,21.788,214,-57.548,229.783
BNL,mid,2,5.157,13.395,115,-20.637,156.547
PII,mid,38,-17.835,45.166,989,-290.160,1433.203
MAT,small,43,-0.305,62.057,1267,-381.485,1834.222
RLAY,small,6,-6.259,6.530,157,-21.451,184.031
CNR,mid,1,2.972,8.833,203,-46.024,276.679
SLG,mid,20,19.528,39.959,711,-136.240,1071.009
USAR,small,0,0.000,0.000,58,-24.478,121.340
LIVN,mid,8,-1.222,3.249,274,-50.495,430.128
NSIT,large,40,-26.621,42.525,782,-108.511,1253.528
ELVN,mid,1,2.971,8.828,157,0.899,187.836
ICUI,large,21,-2.975,14.267,851,-214.884,1043.297
HPHTY,small,54,-5.880,151.839,82,-59.486,2888.659
SEB,large,92,-24.376,195.900,1369,-227.874,2745.551
MDU,mid,24,8.446,60.519,1338,-364.538,2106.697
BBWI,mid,52,-15.854,75.547,1123,-137.670,1898.807
ACLS,large,25,-12.846,37.500,680,-108.554,962.138
THO,mid,34,-4.113,84.114,1077,-112.121,1909.722
FLIDY,small,110,-59.798,2019.897,299,-269.534,5019.774
IFHLY,skip,0,0,0,0,0,0
IRT,small,7,3.999,3.632,306,-87.956,458.684
CECO,mid,92,-38.113,106.347,1153,-206.129,1371.107
FSLY,mid,4,-0.256,12.017,169,-19.542,287.802
ADOOY,small,88,-19.721,348.315,307,-84.852,783.112
IRTC,large,13,-8.567,10.819,229,-27.398,322.489
CSTM,mid,5,0.949,7.246,315,-67.230,493.588
INDB,mid,11,10.791,17.634,1016,-141.789,1289.743
CVBF,mid,84,-54.693,100.517,1093,-221.576,1805.835
MEOH,mid,40,-11.500,36.689,860,-169.910,1292.176
BMI,large,68,-14.752,119.964,1358,-72.099,2711.009
LMND,mid,7,-2.667,8.382,143,6.613,159.981
WSBC,mid,10,3.364,31.655,989,-221.092,1180.339
RNST,mid,16,15.797,66.061,869,-219.309,1238.838
IPAR,large,40,-0.136,36.406,968,-159.583,1278.193
DNP,small,23,-19.326,36.015,993,-441.971,1503.971
CALM,mid,13,13.537,38.842,763,-143.221,1140.687
TAC,small,21,-15.428,23.492,607,-112.293,1128.333
POST,mid,5,-1.343,1.168,373,-82.894,518.554
COLD,small,7,2.605,4.062,188,-59.301,300.243
TENB,mid,3,3.052,7.406,185,-5.620,299.881
FRMI,skip,0,0,0,0,0,0
LFST,small,3,1.123,0.489,109,-30.694,139.880
ACHR,small,10,-0.769,11.375,132,0.811,183.222
ABG,large,9,-7.867,9.410,603,-170.557,753.463
REZI,mid,9,-4.493,9.582,186,-29.067,307.207
YETI,mid,7,-2.144,2.927,169,-22.573,254.602
SYNA,large,25,-10.376,25.714,632,-116.170,972.188
TDW,mid,55,24.093,118.384,1158,-174.299,1833.186
QTWO,mid,4,1.772,0.858,293,-36.701,497.943
BFAM,mid,9,6.030,14.357,329,-112.401,457.556
OLED,mid,22,-2.434,28.534,758,-7.619,1162.765
BULL,small,8,-1.137,4.787,86,-147.255,621.033
CON,mid,0,0.000,0.000,37,-5.453,49.608
DIOD,large,48,-6.270,88.305,1353,-152.364,2002.820
SXI,large,48,25.926,137.234,1378,-230.683,2344.454
PFSI,mid,11,-11.056,11.230,299,-113.112,305.473
ADPT,mid,7,1.348,15.411,175,-30.636,249.331
NMRK,small,7,13.143,30.680,188,-21.037,259.872
OSIS,large,28,3.026,34.031,722,-139.028,1073.078
HHH,mid,24,7.446,49.768,392,-102.989,553.123
APLE,small,5,3.471,13.035,287,-19.317,401.706
FG,mid,6,2.146,7.602,76,2.947,142.313
LOPE,large,9,7.215,20.855,413,-100.105,565.108
CLBT,small,2,-2.179,2.373,129,-29.026,157.221
SMG,mid,32,-17.393,51.800,870,-98.226,1378.308
NEXHY,small,0,0.000,0.000,0,0.000,0.000
OTTR,mid,35,-7.613,50.791,1357,-329.894,1526.952
LION,small,2,2.275,2.659,96,-97.603,308.539
MNDY,mid,2,3.240,5.365,112,-6.978,145.757
HAE,mid,25,0.004,41.019,881,-226.166,1361.802
VKTX,mid,10,-3.107,3.596,290,-18.436,357.960
CRK,small,42,-5.024,67.347,973,-84.976,1413.530
DNLI,mid,3,0.070,6.764,221,-43.896,269.325
ALM,small,69,37.016,239.460,284,-79.188,571.379
MHO,large,27,-20.482,22.225,834,-131.053,1349.586
BANF,large,10,4.468,11.414,910,-261.045,1110.891
COCO,mid,1,1.224,1.498,109,-44.263,134.664
SKE,mid,165,3.655,389.199,421,-8.069,844.069
CGAU,mid,27,11.893,74.024,449,-20.007,978.108
ATRO,mid,63,-8.077,67.510,1192,-220.177,1386.800
KNF,mid,1,2.375,5.641,67,-14.117,95.882
CCC,small,2,-2.178,2.373,107,-7.166,148.693
VCYT,mid,15,-3.364,16.059,301,-36.139,387.541
JOYY,mid,16,-1.378,17.976,336,-21.579,523.666
SUNC,skip,0,0,0,0,0,0
VEON,mid,32,-4.810,31.192,745,-82.294,1092.047
USAC,mid,14,2.732,30.223,331,-58.930,463.402
STNG,mid,14,-7.747,18.635,411,-5.223,571.717
KC,small,0,0.000,0.000,130,-12.853,176.253
GNW,small,17,-2.481,23.215,554,-119.312,885.118
UCTT,mid,36,17.521,84.540,560,-41.744,899.793
PTEN,small,35,19.396,80.506,835,-200.513,1164.506
LEGN,mid,9,-9.042,9.191,124,-10.993,134.273
LEU,large,25,-0.593,31.148,699,-59.116,898.773
MCHB,small,13,0.494,10.781,353,-48.545,555.214
JOE,mid,47,-4.568,65.605,940,-135.370,1520.662
PARR,mid,2,-2.122,2.251,323,-1.228,509.995
SRAD,small,15,1.478,22.962,90,-11.755,174.563
MNSO,small,2,-2.110,2.227,141,14.196,251.093
HGV,mid,3,1.650,4.971,223,-14.339,344.895
RH,large,4,0.726,5.424,346,-31.127,595.782
FIBK,mid,12,14.669,28.443,385,-60.960,546.164
NIC,large,2,-2.182,2.380,321,-136.519,387.322
HAFN,small,13,-14.422,16.921,35,-15.815,54.929
OPEN,micro,8,0.571,19.733,153,27.674,202.064
BBAR,small,35,-20.424,41.431,806,-77.059,1266.076
AMBA,mid,14,3.257,34.094,355,-112.380,426.333
FFBC,mid,17,-11.532,23.967,1080,-244.458,1305.322
BLSH,mid,0,0.000,0.000,7,1.647,1.641
GPCR,mid,7,3.868,9.349,69,-1.629,94.899
BHF,mid,5,1.037,8.795,193,-22.031,298.832
LXP,mid,12,-3.842,13.501,847,-219.504,1140.602
AYA,mid,62,-8.402,185.035,319,31.289,674.246
OGN,small,17,-10.147,22.964,112,8.424,257.132
RCUS,mid,2,0.146,2.549,197,-61.977,227.820
UTG,mid,22,-16.276,24.201,557,-125.597,955.853
PLMR,large,10,13.429,20.053,176,-36.751,253.777
SHOO,mid,30,-10.933,48.881,825,-224.213,1019.996
FRPT,mid,22,-5.616,16.159,273,-51.787,406.150
ORLA,small,7,6.736,26.744,225,-12.804,421.713
TLX,small,1,-1.115,1.243,20,-5.485,37.366
CLMT,mid,23,-0.044,33.417,525,-99.454,840.209
EXTR,mid,35,-3.106,43.870,658,-77.278,1021.770
RXO,mid,0,0.000,0.000,81,-16.994,138.365
CLSK,small,23,16.439,75.763,241,-9.844,360.386
AVNT,mid,16,20.862,69.787,652,-131.367,929.183
IDYA,mid,1,-0.237,0.056,163,-47.475,185.565
CBU,mid,15,2.652,20.941,1024,-211.277,1455.730
WRBY,mid,5,0.161,4.477,105,-19.901,169.713
HNI,mid,71,24.982,168.291,1194,-266.480,1766.627
WK,mid,9,2.403,2.908,270,-51.987,367.105
HG,mid,0,0.000,0.000,49,-23.604,62.768
SFNC,mid,154,-125.160,181.455,1048,-342.135,1278.155
CURB,mid,0,0.000,0.000,24,-17.413,27.104
FA,mid,6,2.345,3.769,118,-19.126,167.132
ALMS,mid,2,1.808,1.830,34,-19.682,30.444
VAC,large,37,-12.985,39.575,348,-78.934,558.260
BKU,mid,14,4.757,30.524,405,-51.419,682.849
CHRN,mid,30,1.839,31.511,287,61.183,533.448
POWI,mid,12,-9.998,10.009,730,-151.191,991.822
HAYW,small,5,-5.241,5.495,119,-15.603,181.072
NIQ,small,10,-5.353,4.766,4,-2.253,1.650
CALY,small,36,-8.592,50.728,859,-159.773,1229.573
KN,mid,19,-14.860,21.777,295,-63.613,446.444
NHC,large,15,9.241,25.626,1007,-205.970,1404.877
STUB,skip,0,0,0,0,0,0
FHB,mid,18,-4.285,34.332,234,-58.679,325.173
PONY,small,0,0.000,0.000,14,0.224,24.127
SBCF,mid,16,1.964,23.668,1076,-121.232,1518.386
GRTX,skip,0,0,0,0,0,0
XNDU,skip,0,0,0,0,0,0
QS,small,6,2.387,12.383,131,0.134,173.964
WING,large,6,-6.152,6.308,268,-79.331,367.046
GPI,large,22,13.150,64.987,722,-177.712,1011.679
ADEA,mid,18,5.281,34.771,579,-96.740,896.899
NMIH,mid,14,5.038,11.629,301,-78.698,465.295
WT,mid,50,33.282,158.215,837,-43.066,1258.738
CSQ,mid,12,-1.474,14.456,536,-103.898,1008.663
ARQT,mid,20,-9.093,40.942,146,-35.589,140.691
PPLI,mid,30,4.851,38.914,845,-171.441,1162.541
AEHR,large,30,-5.017,49.232,740,-95.352,1036.564
AWR,mid,68,-0.702,140.440,1341,-293.897,1442.353
GBDC,small,13,-3.401,24.290,406,-134.871,597.024
BATRA,mid,0,0.000,0.000,264,-103.736,269.165
ASH,mid,42,-18.159,51.219,1173,-121.922,1950.955
FMCC,small,48,-1.052,65.493,954,-106.832,1454.920
PFS,mid,2,-2.096,2.198,570,-37.555,819.129
AAMI,mid,5,-0.482,2.765,281,-10.014,476.221
CRVL,mid,11,5.166,16.872,886,-222.782,1069.096
LPL,micro,5,-1.072,11.087,559,-130.315,1120.972
CWK,small,3,3.590,4.452,185,-45.467,248.618
ARLP,mid,20,1.743,28.942,677,-211.984,911.359
EXPO,mid,4,2.038,3.804,895,-259.621,1075.085
MBX,mid,0,0.000,0.000,20,-2.391,18.220
SMR,small,4,-4.195,4.400,103,-15.592,127.510
AVA,mid,32,-20.423,43.675,1357,-427.366,1849.828
KOZAY,small,38,-13.294,61.827,98,-259.904,18235.888
FRSH,small,2,0.018,2.677,112,-31.640,116.959
ARIS,small,4,-3.166,3.214,373,-27.811,661.926
NVTS,small,2,0.424,3.385,100,-11.168,123.486
ZIM,mid,10,-8.484,10.632,139,-14.349,234.538
ARCB,large,34,-5.696,35.368,846,-152.381,1102.841
CVI,mid,14,-5.513,24.426,472,-63.487,775.219
NAMS,mid,1,0.392,0.154,120,-75.721,358.767
FUL,mid,52,-1.524,56.801,1367,-275.875,2017.693
BWLP,mid,116,-131.283,2918.120,209,-33.531,811.257
CPK,large,42,-23.290,25.178,1181,-421.077,1251.124
VECO,mid,48,-19.821,41.635,801,-201.722,1098.398
VGNT,skip,0,0,0,0,0,0
LBRT,small,12,14.117,31.005,193,-37.096,269.090
ERO,mid,6,1.833,2.892,217,-28.623,422.320
CSQR,skip,0,0,0,0,0,0
DX,small,46,-19.978,45.421,963,-251.998,1556.127
TNET,mid,9,-3.886,15.031,301,-93.507,425.988
WDFC,large,41,-1.752,53.816,1350,-173.158,1683.617
ATKR,mid,6,5.626,22.402,244,-51.288,385.826
CLDX,mid,37,12.908,62.771,1020,-27.662,1255.342
UUUU,small,31,16.365,68.465,497,-51.242,688.724
AWATY,skip,0,0,0,0,0,0
GRBK,mid,19,-8.257,21.076,452,-50.101,582.717
AKR,mid,10,3.955,18.141,834,-154.005,1152.198
BOH,mid,77,-4.926,96.737,1185,-270.497,1770.008
VTMX,mid,0,0.000,0.000,44,-22.688,37.035
SA,mid,16,-0.510,28.927,570,-83.956,848.492
GRND,small,0,0.000,0.000,137,-97.336,326.910
MTLMY,skip,0,0,0,0,0,0
BSM,small,14,12.307,43.587,249,-34.796,370.022
BMRRY,small,38,-29.846,33.312,240,-75.173,483.808
HTGC,small,9,3.945,13.979,540,-83.463,862.873
WTTR,mid,18,-0.222,43.854,200,-32.429,364.093
FBK,mid,5,1.498,7.393,231,-64.861,334.960
AGYS,large,72,-16.004,91.408,1178,-100.193,1564.895
OUST,mid,6,7.172,23.877,132,-18.142,195.040
CXW,mid,51,1.098,74.171,735,-132.020,1088.762
BANC,small,11,12.158,47.292,586,-95.492,902.081
CXT,mid,38,9.163,77.756,1199,-290.086,1860.381
CWT,mid,19,-13.930,15.341,1343,-322.691,1404.450
KYIV,small,0,0.000,0.000,22,0.487,26.346
BHE,mid,15,7.546,42.094,926,-106.687,1544.558
BELFA,large,51,1.847,85.227,1077,-180.847,1563.450
FSK,small,17,8.051,31.368,273,-25.388,559.252
PRVA,mid,5,-4.041,4.544,120,-11.217,154.657
NTCT,mid,39,3.083,81.320,687,-56.825,1087.091
AD,mid,46,10.060,138.919,983,-82.178,1728.758
SHAK,mid,15,6.010,34.555,258,-20.654,376.572
AMBP,small,4,-0.890,1.454,94,-8.695,148.172
KD,small,2,-0.137,0.086,104,-20.735,192.960
QURE,mid,6,-0.221,13.902,306,-42.276,413.771
PK,small,11,17.732,49.729,245,-22.147,398.564
APAM,mid,22,7.003,29.448,311,-18.184,529.192
ACHC,mid,37,-5.736,28.801,834,-198.579,1025.102
FIZZ,mid,15,3.120,25.015,860,-98.816,1265.012
MZTI,large,34,-27.448,42.278,1189,-294.979,1493.656
MGEE,mid,6,1.448,2.647,1181,-276.957,1287.016
TBBK,mid,25,-7.740,52.329,546,-90.540,736.979
NG,small,23,11.449,50.635,575,-63.821,938.573
ASO,mid,0,0.000,0.000,118,-18.035,167.500
UWMC,micro,1,-1.407,1.979,138,-70.004,244.895
IRON,mid,10,-5.534,5.785,127,-9.563,195.451
TTAM,small,0,0.000,0.000,17,1.027,32.533
KWR,large,27,-9.430,19.898,1181,-183.418,1747.178
BCC,mid,8,3.580,14.380,336,-64.994,528.455
DKL,mid,21,-9.826,27.913,326,-93.630,350.208
MGRC,large,6,0.514,10.739,1058,-217.968,1326.400
BRZE,mid,8,-5.651,7.761,104,-13.572,179.552
CBZ,mid,8,-6.048,5.424,804,-150.788,1046.757
BTE,micro,29,-14.098,44.488,477,-119.555,792.014
DBRG,small,17,15.506,30.838,293,-26.883,513.644
TRMD,mid,1,0.702,0.492,209,-62.163,306.425
HYPMY,micro,34,-19.767,59.973,384,-126.649,723.696
COLM,mid,8,-2.997,8.825,720,-88.204,1039.642
UNFI,mid,21,4.707,59.399,722,-113.624,1073.587
UPST,mid,4,2.746,6.716,123,-5.508,180.660
UE,mid,15,10.488,28.900,304,-40.571,514.325
PATK,mid,33,-5.876,24.530,1161,-206.324,1791.117
MGNI,mid,7,3.062,4.111,290,-16.788,497.755
HUBG,mid,29,-16.638,23.881,774,-164.889,1163.849
SII,large,31,71.903,191.231,388,-9.065,640.816
JPC,small,44,-26.666,51.619,606,-254.272,1267.912
WOR,mid,37,16.485,70.981,1159,-148.240,1789.829
EROC,skip,0,0,0,0,0,0
PENG,mid,11,-3.413,27.040,222,-47.105,318.345
PLUG,micro,39,2.363,77.434,679,-89.848,975.848
UAA,small,12,0.036,18.017,493,-61.690,861.453
ETOR,mid,5,-4.999,5.119,10,-5.951,7.977
PHIN,mid,0,0.000,0.000,63,-29.945,73.042
NESR,mid,0,0.000,0.000,36,-32.747,33.275
ALGT,mid,36,3.401,52.777,497,-64.641,730.419
EEFT,mid,57,-11.437,115.167,716,-143.886,1058.236
ABM,mid,38,-24.819,37.931,1178,-311.412,1990.169
ALHC,small,3,-3.283,3.593,130,-23.347,206.431
AVPT,small,2,5.528,15.306,168,-54.253,227.678
INTA,mid,2,-0.628,1.297,95,-27.744,135.626
IMNM,mid,4,5.094,7.331,125,-10.241,145.686
DJT,small,8,-3.768,10.438,104,-1.132,167.535
HWKN,large,46,-20.074,42.994,1171,-357.890,1211.332
BGSI,skip,0,0,0,0,0,0
PPTA,mid,1,0.830,0.690,127,-24.114,155.016
PTON,small,3,1.176,8.357,145,-28.356,199.093
CUBI,mid,12,13.506,47.162,380,-93.376,522.276
IMAX,mid,50,-2.749,60.991,781,-126.909,1134.049
SOUN,small,0,0.000,0.000,92,-8.751,101.934
BWIN,mid,3,3.778,12.888,177,-16.838,282.482
SAH,mid,13,-9.909,18.607,694,-25.730,1134.174
WAFD,mid,14,-10.472,15.034,1107,-299.512,1443.399
VISN,small,49,6.791,108.187,334,-11.921,638.762
GPOR,large,1,0.085,0.007,107,-19.252,175.436
BEAM,mid,6,-0.865,9.445,135,-14.727,136.753
NBTB,mid,7,1.609,12.406,883,-160.895,978.717
ALRM,mid,5,-2.519,6.338,256,-35.286,399.635
VC,large,11,2.817,20.654,375,-98.395,530.940
CENT,mid,30,-4.563,55.650,859,-90.430,1309.693
XRAY,small,31,-14.540,54.813,976,-312.763,1482.440
MPT,micro,9,-5.638,8.994,527,-237.238,931.757
WLY,mid,119,8.488,168.725,1380,-284.576,1872.418
DRH,small,9,-1.953,8.727,527,-125.692,793.039
IHS,small,10,-7.685,10.998,96,-22.658,119.523
FCPT,mid,5,-5.711,6.527,281,-44.433,343.379
NAD,small,41,-29.038,62.239,659,-448.127,1467.989
SUPN,mid,12,2.088,4.392,363,-145.368,421.134
DGII,mid,51,-10.638,55.398,909,-148.804,1194.800
SPNT,mid,2,-0.069,2.363,337,-101.994,465.377
WIX,mid,6,-4.030,6.568,283,-22.162,469.656
FXCNY,mid,125,132.171,532.741,380,108.546,1165.891
BTDR,small,11,-11.634,12.307,114,-115.406,737.613
FRME,mid,14,15.746,47.637,927,-222.302,1086.118
ATS,mid,37,-32.676,73.729,432,-104.656,1754.797
EFXT,small,88,-19.126,398.542,335,10.903,1071.178
STNE,small,3,7.504,18.992,187,-36.458,283.209
HLIO,mid,4,-3.533,3.425,748,-108.305,1174.881
KOD,mid,8,-2.587,8.912,174,-51.006,212.888
BBT,mid,13,13.270,52.593,668,-166.597,930.216
OSW,mid,15,-0.324,15.256,188,-86.258,304.497
FBNC,mid,10,-9.012,12.766,994,-216.175,1379.556
ARX,small,0,0.000,0.000,5,-1.049,2.089
FLNC,small,12,-6.028,14.443,102,-1.127,151.607
DBD,mid,0,0.000,0.000,60,-12.280,108.327
DXPE,large,35,25.044,144.519,717,-100.146,1141.086
NVG,small,53,-27.402,101.369,579,-365.360,1259.224
KMT,mid,31,-1.191,50.224,1358,-193.929,2633.984
ATAI,small,1,-1.071,1.146,123,-38.001,148.900
SDRL,mid,10,-0.968,5.134,84,-4.133,132.261
TSAT,mid,29,24.793,71.363,501,-25.799,797.798
TRVI,small,9,-9.176,9.356,169,-51.703,173.248
GDV,mid,27,5.490,37.619,561,-201.448,1056.014
EXK,small,17,-7.066,23.749,503,-49.327,668.154
ATHM,mid,1,1.893,3.584,315,-20.576,515.500
TARS,mid,9,1.764,7.235,144,-27.174,151.975
IOND,skip,0,0,0,0,0,0
NWL,small,61,11.197,123.942,1161,-318.772,1990.345
PAGS,small,8,-8.628,9.307,198,-32.373,299.908
PENN,mid,12,-2.400,15.412,818,-148.336,1142.730
SYBT,mid,15,-15.517,16.974,819,-176.766,1209.937
SPSC,mid,23,-17.538,27.104,408,-144.135,553.390
NGVT,mid,3,4.832,18.372,235,1.341,428.111
IVT,mid,15,-13.008,166.811,208,-25.207,413.060
BUSE,mid,11,-8.449,16.102,701,-93.888,896.542
DNOW,small,15,3.474,33.196,292,10.201,487.703
PLSE,mid,7,-3.723,6.250,234,-58.105,282.824
TNK,mid,13,10.915,25.477,466,-28.487,673.309
NRIX,mid,9,-7.514,8.351,141,6.451,223.907
TRN,mid,57,-9.100,85.038,1345,-78.052,2609.108
TMDX,mid,16,-16.501,17.019,168,-47.178,246.158
HTO,mid,51,1.411,159.900,1396,-215.124,2661.971
MBIN,mid,6,-3.088,3.624,190,-8.916,333.449
GRDN,mid,0,0.000,0.000,24,-15.844,19.213
LIFE,skip,0,0,0,0,0,0
AGM,large,50,36.994,153.897,815,-173.369,1244.770
INTR,small,7,-6.582,6.950,79,-23.441,87.534
MAN,mid,33,-0.834,66.866,962,-128.623,1447.941
BKV,mid,0,0.000,0.000,26,-11.658,21.074
NEOG,small,40,-20.118,35.252,913,-280.527,1110.018
PTXKY,micro,5,0.282,6.454,344,-54.644,565.820
CTOS,small,12,-11.948,13.502,198,-88.059,624.245
COTY,micro,19,-6.014,17.502,320,-64.743,599.855
RDW,small,11,1.953,17.324,123,-32.808,142.622
UFPT,large,6,-1.052,13.226,828,-173.562,1099.489
LCID,small,3,-0.493,5.140,122,15.177,179.524
ICHR,mid,6,14.431,38.174,239,-18.011,376.379
SKWD,mid,0,0.000,0.000,78,-39.158,92.574
RUN,small,4,-0.268,11.954,248,-67.099,330.690
CMPR,mid,35,15.091,47.466,511,-85.763,790.995
NYAX,mid,0,0.000,0.000,86,-48.336,111.313
AAUC,mid,0,0.000,0.000,26,5.170,64.842
PGNY,mid,13,-13.650,14.334,171,-14.613,262.197
ANDE,mid,29,-8.391,36.775,754,-189.309,1056.794
PLUS,mid,24,-3.784,36.136,750,-132.258,1055.420
COHU,mid,19,0.491,29.748,1162,-185.149,1606.370
VVX,mid,26,-5.169,21.096,287,-47.376,460.365
PGEN,small,19,-9.935,15.705,334,-50.869,432.619
RARE,mid,10,0.581,9.599,290,-27.005,462.521
NKTR,mid,43,37.029,127.170,831,-31.317,1219.678
NTB,mid,13,12.423,49.695,212,-49.225,271.731
BOBS,skip,0,0,0,0,0,0
TSCFY,mid,0,0.000,0.000,66,-87.770,3368.303
EFSC,mid,10,2.485,8.566,563,-167.130,629.727
NZF,small,67,-67.924,175.189,616,-425.010,1401.594
AMLX,mid,20,-17.008,20.413,103,-9.576,132.423
SLDE,mid,0,0.000,0.000,7,-5.444,5.190
AXGN,mid,42,5.605,107.733,1000,-71.652,1369.798
DRVN,small,4,-2.715,4.527,131,-40.035,156.071
BANR,mid,19,-8.124,26.715,772,-181.765,1003.256
PAYO,small,2,1.741,9.202,121,0.641,193.295
CALX,mid,29,13.839,64.172,398,-64.826,607.861
AYR,skip,0,0,0,0,0,0
TALO,small,10,5.276,34.518,212,-8.571,375.630
JBLU,small,17,11.678,51.673,596,-51.803,946.296
MTX,mid,23,-7.975,20.849,853,-156.113,1327.864
RLX,micro,3,-3.390,3.835,107,-36.847,138.033
INFQ,skip,0,0,0,0,0,0
KEEL,micro,9,3.773,8.794,169,6.149,226.355
ECO,mid,0,0.000,0.000,53,-18.326,74.043
SMSGY,small,11,2.946,8.425,337,-71.590,982.782
HURN,large,14,4.857,27.548,520,-109.461,730.920
AEGXF,mid,145,-161.135,2910.516,434,-77.130,1640.755
KYN,small,12,-6.015,18.820,549,-154.382,903.006
ROG,large,74,-15.547,141.030,1167,-38.696,2265.157
BXMT,small,18,11.310,37.026,1160,-247.546,1845.008
KLRA,skip,0,0,0,0,0,0
DEI,small,8,-7.086,7.528,506,-137.747,742.939
HAPN,small,34,-20.677,39.188,263,-34.247,397.889
AERO,skip,0,0,0,0,0,0
MRVI,small,9,4.059,6.890,126,15.552,218.738
MLYS,mid,3,-3.090,3.182,63,-16.750,68.426
UNIT,small,11,8.641,29.925,272,-31.987,443.820
HIMX,small,53,-26.469,60.205,508,-42.891,833.789
PHVS,mid,10,5.274,9.737,119,-14.074,131.428
VCEL,mid,27,3.839,56.652,754,-16.684,943.377
NWBI,small,5,7.078,13.458,780,-157.362,865.420
HTFL,mid,0,0.000,0.000,2,2.099,7.169
BHC,small,50,4.066,138.001,817,-187.767,1336.478
SSMR,skip,0,0,0,0,0,0
SLS,small,55,-37.305,54.462,459,-31.766,601.305
HAWK,skip,0,0,0,0,0,0
VRDN,mid,17,-3.537,23.944,293,-13.847,378.152
PLPC,large,16,-0.596,27.766,674,-95.387,1028.671
WERN,mid,29,-22.381,34.054,1015,-190.612,1294.203
BFLY,small,8,-4.954,11.220,140,4.225,217.234
UTI,mid,46,-12.263,91.106,558,-60.141,871.517
WU,small,12,-4.298,9.220,496,-125.504,778.466
RVT,small,56,4.333,75.748,1001,-184.912,1659.718
BCRX,small,38,19.446,71.539,822,-36.144,1232.607
FLYW,small,7,3.489,4.928,108,-11.537,155.379
GRC,mid,54,-33.160,117.404,1175,-154.664,2121.931
HCI,large,21,-14.571,14.228,444,-58.140,638.109
HTH,mid,11,19.002,40.771,555,-155.476,716.936
INOD,mid,18,4.374,33.240,830,-103.984,976.927
HYMC,mid,6,-3.901,6.748,201,-44.031,478.244
LIME,skip,0,0,0,0,0,0
FIVN,mid,20,-5.374,23.947,303,-18.999,511.044
IOSP,mid,42,8.135,94.677,704,-135.393,1051.633
OFG,mid,20,1.059,45.967,987,-129.490,1587.141
CTRI,mid,0,0.000,0.000,48,-12.950,40.147
GENI,small,17,-7.909,11.500,122,-11.936,187.300
TMC,micro,3,-3.391,3.834,104,-23.521,127.134
NUVB,small,1,0.240,0.058,133,-28.434,192.639
RNW,small,2,-0.308,0.379,142,-11.959,190.187
FLOC,mid,1,-0.080,0.006,19,-0.513,30.670
LIND,mid,16,6.897,25.884,307,-49.598,432.445
PLBL,small,0,0.000,0.000,6,-0.234,3.128
CLM,small,87,-40.379,167.862,588,-128.926,1202.328
CC,small,12,-0.716,16.387,283,-10.204,545.761
DHC,small,19,-14.226,24.072,637,-150.036,1109.590
CLOV,micro,13,-8.569,17.156,140,-14.075,183.638
MH,small,0,0.000,0.000,12,-3.038,17.746
MNR,small,13,-6.492,17.260,59,5.239,101.799
STGW,small,80,-30.352,138.560,777,-97.320,1393.797
CDLR,mid,2,1.850,9.710,41,3.408,96.817
ATEN,mid,16,-5.863,12.322,320,-38.043,549.204
MCRI,large,26,-16.494,32.124,810,-111.853,1057.785
FCF,mid,15,3.785,38.068,867,-161.306,1197.183
LUNR,small,10,-10.253,10.513,98,-30.820,137.328
NMZ,small,55,-41.539,100.172,565,-303.623,1164.426
MLCO,small,8,-1.781,8.253,483,-43.876,794.270
CURLF,small,7,1.968,13.561,175,6.551,219.409
SHO,small,11,5.351,13.526,552,-104.640,804.933
PEB,small,12,14.891,35.649,399,-62.912,586.309
ADUS,large,11,-10.576,10.935,432,-161.218,567.182
APPN,mid,7,-3.681,6.986,200,-33.501,235.330
PLGO,mid,0,0.000,0.000,69,-16.800,96.452
PVLA,large,16,-0.810,25.907,272,-23.970,363.537
HRMY,mid,9,8.888,28.713,124,-3.651,199.504
URGN,mid,18,-1.604,19.053,229,-3.871,296.345
SRCE,mid,23,-0.309,20.286,1092,-219.726,1445.152
CNXN,mid,18,-5.061,14.516,710,-123.142,910.657
VERA,mid,6,3.583,18.933,102,-8.076,131.952
LCLN,skip,0,0,0,0,0,0
NOG,mid,19,3.675,30.462,491,-54.878,662.679
PRKS,mid,17,-3.311,21.244,307,-54.562,449.349
SION,mid,0,0.000,0.000,16,-11.029,14.268
CEPU,small,8,5.349,30.465,207,-47.829,264.284
EVT,mid,17,4.107,62.629,566,-196.202,1031.120
PRLB,mid,5,-5.214,5.437,347,-74.010,519.219
MD,mid,37,21.017,80.708,781,-155.672,1264.037
MFP,skip,0,0,0,0,0,0
TGLS,mid,11,-6.103,6.196,349,-106.577,766.086
INVX,mid,35,1.155,49.573,716,-81.362,1182.671
SEDG,mid,9,5.684,5.527,270,-49.585,355.367
MBLY,small,4,-3.613,3.770,84,-19.262,97.329
NCNO,small,5,10.424,34.374,128,-15.312,180.696
SPB,mid,59,-7.901,77.132,1205,-80.080,1824.675
HMN,mid,16,16.227,58.020,879,-160.500,1334.357
PDFS,mid,46,-9.230,65.077,629,-120.839,865.017
EVCM,small,19,-11.089,17.357,110,-3.412,159.559
DAO,small,2,5.904,17.427,145,-13.878,189.318
PIII,small,17,-4.691,23.345,130,8.682,183.464
STC,mid,63,-0.190,51.623,1343,-223.524,2024.247
VNET,small,11,1.614,20.698,383,14.185,597.052
WGS,mid,4,4.369,9.804,124,-7.075,164.877
ZLAB,mid,13,6.761,30.354,213,-36.270,298.611
BRSL,small,43,-7.796,78.287,922,-249.549,1417.315
VOYG,mid,0,0.000,0.000,10,-3.036,9.335
GTY,mid,155,-33.489,268.449,1340,-220.692,2094.182
BSTZ,mid,5,0.152,3.609,155,-7.659,338.162
CHCO,large,9,6.893,35.992,987,-158.357,1324.672
BLKB,mid,15,-12.755,13.052,549,-150.738,718.839
PRDO,mid,41,3.116,64.088,716,-134.104,1019.560
BHVN,small,0,0.000,0.000,87,-30.081,99.303
PSNY,small,7,7.112,22.629,122,15.685,208.570
NTST,mid,3,-3.343,3.725,120,-16.998,155.674
TILE,mid,54,-14.689,83.704,1092,-172.736,1589.152
CCS,mid,10,-2.488,5.511,284,-35.089,426.063
SHAZ,skip,0,0,0,0,0,0
KARO,mid,3,0.126,1.783,130,-36.953,111.010
SPGNY,skip,0,0,0,0,0,0
ASAN,small,9,-4.676,9.847,121,24.077,226.210
LOB,mid,11,8.842,43.909,277,-40.610,445.520
XHR,small,2,4.548,10.430,267,-42.397,413.042
ALG,large,29,5.108,56.712,853,-95.201,1469.896
QUBT,small,51,62.478,236.816,413,3.478,726.118
AVAH,small,3,1.863,3.576,105,-21.114,108.433
SGRY,small,18,0.859,18.958,256,-39.746,370.996
NBTX,mid,5,6.648,27.676,121,27.463,221.983
BXDC,skip,0,0,0,0,0,0
RAPP,mid,1,-1.043,1.088,47,-27.020,35.795
HCM,small,14,-8.241,12.360,260,-7.694,392.443
WKC,mid,26,20.685,87.063,1014,-245.250,1605.474
NN,small,2,1.032,0.539,117,1.279,146.019
ECPG,large,53,-31.013,59.779,668,-53.284,1003.038
GHRS,mid,11,-4.738,3.240,112,-34.943,108.311
SXGCF,small,15,18.178,56.625,459,-15.721,807.278
STOK,mid,5,2.407,12.670,151,-44.199,179.220
FSUN,mid,18,-18.473,23.243,87,-36.188,123.686
IOVA,small,15,10.397,44.717,385,-21.212,538.284
RBCAA,mid,7,3.877,18.470,709,-140.701,809.440
ATRC,mid,9,1.086,4.441,535,-77.614,811.124
LTC,mid,27,6.519,62.785,833,-247.319,1097.684
ALMR,skip,0,0,0,0,0,0
NSP,mid,56,15.501,152.434,738,-158.482,1109.844
WB,small,13,7.484,19.696,297,-19.811,529.806
WS,mid,0,0.000,0.000,56,9.565,126.816
IQMX,small,0,0.000,0.000,8,-3.339,19.304
WRD,small,2,2.887,4.293,19,-4.046,25.417
MESO,small,30,9.130,74.703,414,-12.186,772.572
NBHC,mid,12,24.137,63.101,336,-90.690,432.246
ZD,mid,28,8.964,48.013,677,-68.482,1027.195
CTS,mid,49,-0.262,73.217,1175,-136.598,2110.606
VERX,small,4,5.196,7.011,131,-28.499,182.283
EVTC,mid,8,0.918,10.343,319,-84.141,478.486
GABC,mid,4,-0.520,3.569,833,-100.755,1092.056
TY,mid,28,13.983,36.920,1186,-428.796,2129.640
BVC,small,1,0.530,0.281,105,9.145,142.273
FUN,small,21,6.964,32.199,999,-229.681,1438.304
EPAC,mid,14,-3.480,14.541,654,-107.628,1077.405
SAM,large,14,-9.630,12.550,782,-176.517,1142.872
STRA,mid,36,11.636,75.560,740,-114.509,1084.012
PLAB,mid,46,-0.535,49.699,1004,-181.794,1366.341
CASH,mid,54,25.708,169.905,828,-235.674,1296.150
PRGO,small,19,1.306,21.896,862,-174.101,1286.663
SONO,small,12,-12.641,13.316,195,16.788,355.617
TFIN,mid,1,1.809,3.273,273,-68.604,374.028
NEXA,small,13,-3.346,7.528,200,-46.279,280.353
ATEX,mid,9,7.621,28.413,302,-30.014,388.683
SNDA,mid,42,11.280,92.690,691,-22.635,1145.006
NUV,small,14,-8.627,31.580,999,-569.488,1547.258
OCUL,small,18,-1.827,27.604,298,-51.641,416.962
DMRA,mid,10,12.259,22.946,141,-15.504,163.628
AGIO,mid,17,-11.843,12.822,299,-23.642,408.160
GENB,skip,0,0,0,0,0,0
NVCR,small,7,1.945,6.764,257,-11.954,434.207
SMA,mid,0,0.000,0.000,17,-11.777,16.856
LPG,mid,2,1.879,9.676,284,-30.589,407.098
TCBK,mid,8,4.705,8.854,843,-157.879,1060.140
EZPW,mid,38,-12.556,45.543,874,-142.613,1239.597
VSTS,small,7,-5.983,7.493,53,6.541,109.156
STBA,mid,10,7.007,19.449,879,-161.430,956.396
ULCC,small,10,1.095,22.111,104,-1.583,189.555
DV,small,7,2.629,19.336,119,-20.658,186.330
PDO,small,2,1.353,0.942,121,-22.203,276.533
ETG,mid,32,7.794,64.584,561,-113.401,1105.763
BVENY,skip,0,0,0,0,0,0
AMR,large,1,1.058,1.119,118,-23.304,162.996
PAX,small,1,1.118,1.249,116,-12.894,177.606
XPRO,small,9,10.851,24.845,318,-10.848,552.465
HLMN,small,1,-1.119,1.253,124,-29.293,191.339
DCOM,mid,18,-12.735,18.916,686,-177.708,1022.132
PRG,mid,108,-138.819,627.738,1117,-225.925,2150.189
AGL,mid,17,4.904,41.588,119,-5.453,200.654
GNL,small,10,-3.063,13.262,265,-5.867,489.398
HOPE,small,24,6.317,28.171,708,-137.262,1080.268
FTRE,small,10,-6.345,10.459,69,-3.229,136.032
ANIP,mid,32,6.181,65.927,651,-87.691,930.959
TSHA,small,0,0.000,0.000,136,10.826,202.311
PGY,mid,3,-1.698,2.382,102,-3.431,180.322
STEW,small,12,-2.247,28.121,1181,-387.114,1738.112
VIA,skip,0,0,0,0,0,0
ABCL,small,7,-1.045,4.794,125,3.539,161.506
KARD,skip,0,0,0,0,0,0
IMOS,mid,23,-14.830,25.631,579,-39.631,863.375
BY,mid,12,20.643,51.760,221,-24.502,341.668
PRCH,small,13,-4.602,11.100,135,15.206,201.023
PAEXY,skip,0,0,0,0,0,0
HUN,small,39,-32.214,35.984,556,-69.100,912.138
CPRI,small,15,-4.720,20.366,347,-13.338,572.304
ASTH,mid,24,11.819,30.613,410,-4.255,742.670
ARCO,small,21,3.335,31.589,399,-0.241,675.317
BL,mid,3,-3.334,3.704,212,-18.051,334.635
DXC,small,48,4.411,50.732,1141,-251.221,2070.340
RVLV,mid,3,-3.116,3.237,151,-4.213,195.305
CMRE,small,21,-12.723,22.207,390,-59.674,615.774
OPRA,small,3,-3.121,3.248,203,-36.087,227.582
RMIX,skip,0,0,0,0,0,0
CMPS,small,8,-7.882,8.077,119,-0.213,152.019
AIN,mid,20,-5.817,27.867,992,-142.729,1543.152
SNDX,mid,28,-18.145,28.919,235,-72.402,231.587
PICS,skip,0,0,0,0,0,0
MQ,small,0,0.000,0.000,102,-3.591,152.417
YSS,skip,0,0,0,0,0,0
ENOV,mid,12,-3.879,18.175,448,-48.927,725.544
INSP,mid,15,-8.065,13.206,218,-12.183,377.364
SEPN,mid,0,0.000,0.000,26,-21.367,25.839
PRGS,mid,16,-11.175,15.143,867,-151.180,1235.516
ETV,small,2,0.746,0.403,527,-89.919,966.818
ARLO,small,2,0.655,0.370,176,-10.104,290.827
ZYME,mid,7,3.913,2.938,213,-48.319,241.672
BFC,large,23,29.824,116.401,565,-154.926,1147.040
OCFC,small,25,8.847,39.525,766,-212.367,984.898
MDCOY,skip,0,0,0,0,0,0
FCEL,mid,38,29.147,97.394,840,6.000,1222.887
QCRH,large,8,3.833,25.081,832,-166.354,1263.884
KMPR,mid,10,-2.956,16.916,925,-148.818,1477.144
RUM,small,3,-3.193,3.400,106,-9.731,126.204
NEXT,small,7,-0.599,9.102,262,-135.812,1935.078
SRPT,small,46,6.683,57.616,731,-88.717,976.219
TSLX,small,29,42.421,108.316,301,-96.167,443.637
LKFT,mid,47,-24.362,94.406,373,40.549,804.101
GCT,mid,4,-0.381,0.266,78,-14.899,103.988
OBK,mid,0,0.000,0.000,178,-4.244,261.404
OMCL,mid,24,1.133,16.414,625,-124.574,910.031
RQI,small,17,-12.755,24.783,598,-173.972,1170.085
RXRX,micro,3,0.333,2.226,119,-17.587,156.224
IIPR,mid,2,-0.908,1.175,224,-38.577,309.260
IMKTA,mid,7,-5.516,7.104,994,-191.398,1002.221
IE,small,5,-2.471,2.793,74,-16.594,98.587
AMPX,small,1,1.802,3.246,83,7.498,141.751
EFC,small,13,-1.745,20.202,393,-120.303,629.700
CNOB,mid,17,29.517,67.792,817,-197.396,1274.454
ATLC,large,54,-2.752,65.693,678,-33.392,981.014
LILA,small,9,0.256,19.949,255,-40.568,390.969
COUR,small,1,1.778,3.160,129,7.247,197.451
IMCR,mid,2,-2.066,2.135,132,-13.259,184.254
FORTY,large,34,5.409,86.166,700,-98.026,1401.520
LZB,mid,103,-20.030,166.155,1376,-254.143,2091.124
GLP,mid,27,6.251,29.169,495,-140.421,610.831
PWP,small,9,6.442,10.268,137,-0.940,188.676
SVV,small,0,0.000,0.000,53,2.850,111.046
AVVSY,skip,0,0,0,0,0,0
APC,skip,0,0,0,0,0,0
ROCK,mid,26,-15.858,28.825,824,-130.100,1107.860
MLKN,mid,37,-5.379,62.212,1183,-166.601,2019.868
EMAT,skip,0,0,0,0,0,0
FLNG,mid,5,-5.715,6.532,158,-45.051,212.467
GLOB,mid,14,8.564,23.344,299,-60.373,443.169
ANAB,mid,3,-2.286,2.163,235,-33.440,289.237
VET,small,15,11.571,36.469,373,-1.345,672.281
PBT,mid,44,17.512,106.382,1163,-127.099,1461.655
NIMU,skip,0,0,0,0,0,0
TRIP,small,17,-5.715,34.661,358,-55.037,563.702
TRLV,small,8,-1.806,11.044,196,-13.361,279.194
WLFC,mid,40,0.811,65.185,730,-148.533,1023.844
AMSC,mid,37,13.631,70.827,878,-43.402,1183.390
USAS,small,43,-27.514,69.360,579,-34.509,923.383
TRAX,skip,0,0,0,0,0,0
DSGR,mid,37,11.336,57.290,1164,-230.083,1524.303
QFIN,small,1,0.610,0.373,176,-31.850,228.186
ALNT,large,60,-10.482,89.728,1152,-147.498,1545.575
TPB,mid,2,0.409,0.086,245,-64.130,295.630
SKYT,mid,15,-15.564,16.151,120,5.127,162.611
WBI,skip,0,0,0,0,0,0
ARDT,small,3,3.899,5.971,22,-2.761,36.214
HCSG,mid,20,-3.697,26.312,1083,-246.377,1430.258
GAM,mid,55,10.478,147.180,1192,-413.447,2025.222
SLBT,micro,0,0.000,0.000,20,-22.807,87.236
ITG,skip,0,0,0,0,0,0
JJSF,mid,17,9.024,42.760,1016,-240.510,1194.572
AAPG,small,0,0.000,0.000,22,10.796,46.543
ADNT,small,15,13.288,44.318,242,12.356,387.868
FBRX,mid,28,6.370,49.795,211,8.901,250.663
LKFN,mid,11,-8.569,9.825,735,-124.212,951.056
TH,small,6,3.673,10.380,181,-24.043,282.542
LNXSY,micro,41,19.975,152.772,121,-93.826,474.083
KRP,small,9,3.891,7.885,215,-28.398,338.458
XXI,micro,3,7.351,18.518,35,18.271,67.798
FLO,small,6,-6.282,7.012,1173,-419.987,1929.175
TYRA,mid,0,0.000,0.000,100,-12.756,106.266
SBH,small,15,-1.131,18.471,494,-8.292,775.593
ENR,mid,18,-0.983,37.002,262,-17.124,475.832
SLVM,mid,0,0.000,0.000,107,-22.976,129.200
GBX,mid,47,-4.640,105.676,808,-101.839,1405.904
TRIN,small,2,-1.070,0.596,116,-4.021,190.616
AMBQ,mid,0,0.000,0.000,5,2.101,2.464
MAZE,mid,7,5.269,13.312,25,-10.414,13.868
GIII,mid,38,15.694,83.118,923,-122.169,1377.883
ECAT,small,3,0.072,2.193,105,-31.358,185.961
NTLA,small,1,-1.065,1.135,243,-34.514,316.937
ICFI,mid,23,-8.219,17.183,512,-121.914,744.760
VIR,small,1,1.483,2.200,137,-8.437,182.693
SAFT,large,3,-3.274,3.573,585,-154.872,664.266
INVA,mid,32,-20.851,43.586,547,-45.226,864.081
APPS,small,23,18.303,74.923,483,-5.731,826.932
CSWC,mid,65,-12.712,63.006,1183,-430.604,1598.948
REAL,small,4,3.991,11.787,181,-32.594,241.020
AMAL,mid,8,0.369,11.793,177,-28.865,261.680
TNC,mid,172,19.100,169.278,1352,-284.765,1758.413
PEBO,mid,15,-2.358,32.159,847,-184.547,1069.119
BHRB,mid,42,-24.064,199.582,554,-254.479,1926.113
MLTX,small,3,1.416,2.055,140,-90.847,185.679
SHLS,small,7,5.964,20.167,129,-19.712,212.988
KMTS,mid,0,0.000,0.000,22,-3.643,20.421
INNV,small,11,7.893,17.699,118,-7.488,99.266
CNMD,mid,28,7.372,32.966,986,-122.076,1425.838
HROW,mid,31,6.063,53.201,441,-44.966,642.152
QQQX,mid,0,0.000,0.000,495,-108.404,821.870
BAND,mid,22,-16.138,21.966,217,-5.321,420.703
PLTK,micro,8,-4.420,6.849,107,-19.482,137.554
TRS,mid,17,-0.185,16.643,474,-106.563,634.443
GTBIF,small,11,6.719,33.372,178,-29.576,173.221
SBCLY,skip,0,0,0,0,0,0
XNCR,mid,24,-12.449,23.657,328,-38.139,432.672
XZO,skip,0,0,0,0,0,0
AZTA,mid,13,-7.191,8.166,782,-119.122,1124.254
ATEC,small,47,-18.393,49.193,502,-66.597,631.837
GIC,mid,46,-8.676,79.834,799,-69.295,1277.868
NFJ,small,18,13.773,34.795,507,-100.182,931.533
REX,mid,41,-11.927,48.587,1064,-249.258,1557.376
BBAI,micro,7,-2.196,9.184,116,-5.439,143.681
AIP,mid,7,0.889,10.338,95,-23.899,96.295
PAHC,mid,25,-14.096,40.760,324,-48.639,443.804
WLTH,skip,0,0,0,0,0,0
TV,micro,51,6.673,103.532,803,-242.395,1450.633
BW,small,26,-9.789,20.624,285,22.067,442.631
BRBR,small,5,0.906,0.763,138,-50.696,197.737
PSNL,small,6,-1.566,11.099,170,-27.105,201.111
BJRI,mid,25,3.901,30.036,752,-92.015,1041.981
NSSC,mid,72,-36.103,70.574,1137,-240.875,1478.872
RYZ,mid,13,1.342,25.174,278,-42.368,418.551
CRI,mid,17,-3.169,19.254,552,-125.950,814.489
CTBI,mid,18,-14.325,20.706,976,-316.978,996.999
LGIH,mid,8,3.373,11.396,328,-84.989,481.102
XPEL,mid,7,2.583,2.056,144,-30.794,148.599
DCH,small,35,-0.803,64.009,689,-114.743,1088.767
EBCRY,small,8,-5.159,3.340,5,-1.150,2.067
ABSI,small,4,3.227,3.471,123,-31.584,136.905
AMRC,mid,11,-11.520,12.067,389,-73.724,562.656
POET,small,22,28.781,96.586,431,-38.847,716.058
KOS,micro,21,-4.985,28.437,394,-53.325,693.232
YELP,mid,19,11.142,64.511,334,-46.738,530.630
XERS,small,19,16.536,71.030,194,0.205,269.302
ALX,large,95,27.279,221.653,1351,-181.808,2554.590
DMC,mid,40,9.763,131.417,724,-139.767,1088.619
OPFI,small,5,-5.560,6.183,127,-28.584,128.171
TE,small,7,8.884,12.412,145,-30.731,218.072
PRSU,mid,14,-0.881,22.766,559,-108.575,902.861
PCT,small,10,-5.814,8.476,127,-23.019,176.717
LZ,small,10,0.930,33.187,112,10.120,196.627
AVLN,skip,0,0,0,0,0,0
UFCS,mid,66,-61.236,77.944,1175,-358.604,1568.288
WABC,mid,82,-19.152,94.407,1169,-286.609,1345.718
YSWY,skip,0,0,0,0,0,0
EOSE,micro,3,1.573,4.779,138,-25.328,207.242
FMC,small,59,11.051,121.900,1191,-350.577,2024.893
CCEC,mid,33,12.374,27.877,458,18.512,747.952
HYT,small,26,-22.933,41.903,592,-215.881,1206.923
PUMP,small,15,6.666,38.260,221,-4.849,350.427
LINC,mid,38,1.970,75.104,510,-48.995,676.940
IART,small,34,15.661,39.276,789,-110.713,1222.561
DFH,small,2,-1.029,1.072,111,-12.197,140.856
PURR,skip,0,0,0,0,0,0
AESI,small,1,-0.518,0.268,70,0.458,125.836
AGRO,small,11,-1.985,16.996,380,-83.252,576.915
EPC,mid,43,9.877,68.950,653,-37.803,1133.702
ESBA,micro,1,1.737,3.016,317,-123.093,604.968
VYX,small,47,-22.268,61.940,742,-142.485,1331.544
UROY,micro,0,0.000,0.000,122,-30.697,153.735
ACVA,small,2,1.573,1.238,106,10.188,203.387
PNTG,mid,9,7.152,10.752,163,-34.275,199.402
MYE,mid,40,-26.022,60.210,1185,-195.337,1906.428
AEVA,mid,5,-5.172,5.351,152,-9.566,208.770
TOP,small,4,-1.733,5.551,73,-0.718,78.948
TNDM,mid,29,-15.022,37.258,297,-29.260,459.079
ORIC,small,8,-5.782,10.477,154,-0.270,222.030
SBET,small,43,21.685,134.506,727,-44.605,1033.788
HLF,small,57,-7.803,69.046,531,-51.572,986.423
RCAT,small,13,10.326,47.616,549,27.080,900.970
LSPD,small,3,-1.923,2.644,126,12.938,227.430
STDN,skip,0,0,0,0,0,0
LU,micro,9,0.265,18.801,128,-25.882,209.327
CDRE,mid,1,0.539,0.291,108,-13.496,181.342
DOLE,small,4,-2.593,4.654,100,-14.627,162.513
HLIT,small,31,0.097,41.916,786,-193.126,1139.091
OSBC,mid,8,-0.873,13.296,827,-214.096,1198.739
HBT,mid,0,0.000,0.000,162,-43.479,144.142
AMPL,small,6,-0.432,6.381,90,-30.956,125.207
GLUE,small,13,0.930,36.022,122,-33.610,121.565
JBIO,mid,22,-8.915,14.997,108,-33.189,90.308
WOLF,skip,0,0,0,0,0,0
CBRL,mid,41,-16.959,47.337,1127,-229.093,1583.690
LOMA,small,19,-6.738,20.466,214,-43.024,276.907
NVGS,mid,52,-28.512,134.723,415,-196.350,1486.838
IAUX,micro,8,2.127,8.864,111,-41.633,167.131
RES,small,40,8.459,111.576,1068,-221.836,1895.567
LBRX,skip,0,0,0,0,0,0
UMH,small,56,-14.436,84.841,1055,-375.013,1425.645
ALVO,micro,5,11.543,29.455,79,-12.178,155.422
MGRT,mid,0,0.000,0.000,5,0.092,11.964
VTOL,mid,17,17.484,55.909,334,-15.681,513.559
WINA,large,22,-12.067,27.960,830,-162.474,1290.794
THRM,mid,27,-11.817,34.853,844,-83.570,1166.012
ECVT,small,12,2.174,13.392,195,-58.388,300.172
NXRT,mid,8,4.341,6.167,272,-87.138,353.598
CPPKF,micro,0,0.000,0.000,127,-42.993,155.927
TDAY,small,13,15.263,38.702,302,-14.528,521.348
MSDL,small,0,0.000,0.000,45,3.599,66.103
GOLD,mid,6,-2.245,7.048,297,-43.883,386.936
AMN,mid,35,-21.425,38.886,637,-115.716,992.064
TWO,small,17,-11.407,27.026,385,-80.369,719.667
WBTN,small,7,-6.311,7.454,36,9.751,74.271
MNKD,micro,37,10.611,67.044,566,-79.131,923.748
CDNL,skip,0,0,0,0,0,0
IRS,small,38,22.250,97.787,773,-157.255,1198.246
AORT,mid,37,5.726,40.203,845,-143.468,1185.472
CLVT,micro,26,-17.644,76.324,179,-48.927,362.014
PFBC,large,47,-23.401,230.573,590,-135.423,868.322
AFYA,small,7,-5.166,9.663,164,-43.925,198.654
CERT,small,14,-11.744,16.076,124,18.496,228.951
JCAP,mid,1,-0.397,0.158,2,-2.052,2.109
TDOC,small,11,-7.335,8.726,263,-45.389,402.807
ETON,mid,8,12.786,38.419,192,-42.259,209.939
IQ,micro,5,-5.087,7.628,204,-71.287,348.735
TTI,small,48,-8.669,42.010,917,-140.816,1451.466
BRUN,small,0,0.000,0.000,15,-1.079,15.839
UTZ,small,2,-2.264,2.562,179,-55.484,343.662
VZLA,micro,0,0.000,0.000,82,-49.701,88.278
NVAX,small,32,13.837,72.883,782,-41.957,1083.083
GHM,large,81,-21.968,151.777,1190,-87.205,2094.275
OPY,large,173,-12.739,288.298,1088,-200.859,1730.023
DMLP,mid,17,3.388,17.850,568,-111.037,616.070
CRCT,small,8,-5.756,11.648,107,-5.179,152.233
UMAC,mid,0,0.000,0.000,46,-15.189,52.379
BORR,micro,6,-2.728,12.735,168,-46.673,208.158
UVE,mid,12,10.853,28.128,560,-128.328,851.009
NLST,micro,54,-30.186,92.610,488,-85.549,608.817
NWPX,large,13,-8.249,11.614,773,-145.133,1009.711
UVSP,mid,7,2.746,14.394,707,-233.322,863.679
HFWA,mid,5,-2.966,4.508,714,-190.318,898.702
DSL,small,28,-15.253,47.367,312,-86.561,690.945
AHG,micro,12,12.767,33.065,197,-44.709,245.779
DLX,mid,58,16.520,125.303,1181,-255.929,1830.902
HBNB,small,0,0.000,0.000,8,8.367,28.376
DFIN,mid,19,-19.405,20.255,230,-13.765,420.664
MRTN,small,15,-14.086,20.066,1009,-320.229,1472.272
SDGR,small,9,-6.925,8.080,144,-15.551,222.755
CNL,small,27,-13.977,63.794,115,-64.090,175.885
RDWR,mid,33,-1.642,44.832,665,-69.147,1161.159
ARDX,micro,16,-4.727,17.885,287,-79.357,362.188
NBXG,small,0,0.000,0.000,125,-14.662,230.419
ARHS,small,9,3.220,11.273,114,-7.821,186.367
MNSKY,small,14,-20.551,30.265,17,-18.632,287.855
PDM,small,7,-3.269,11.597,383,-100.543,544.979
DRTS,small,3,-0.346,5.486,120,8.694,151.707
VOR,mid,2,-0.944,1.053,120,13.431,139.977
CRSR,small,14,2.835,25.214,129,-21.553,184.151
LADR,small,1,1.710,2.926,326,-40.731,575.743
DEA,mid,2,-0.690,1.320,256,-54.717,349.751
SPTX,skip,0,0,0,0,0,0
BRAI,skip,0,0,0,0,0,0
QDEL,small,31,4.869,34.158,913,-144.912,1273.762
IRMD,mid,5,-0.106,7.670,269,-70.030,349.125
SPH,small,24,-14.033,31.585,781,-104.382,1220.103
SCSC,mid,30,-7.337,53.580,800,-62.800,1271.405
MBC,small,0,0.000,0.000,83,4.247,150.058
NBR,mid,48,-19.115,63.853,1355,-126.241,2057.154
USPH,mid,18,0.417,18.882,877,-192.665,1210.941
UPBD,small,33,-3.799,36.517,765,-53.110,1250.825
SGML,small,29,-26.921,60.692,190,-50.672,290.270
GPRE,small,57,-17.808,64.363,500,-7.414,820.209
BLZE,small,12,-6.788,20.733,98,4.847,157.087
EOS,mid,5,0.809,15.485,548,-179.326,970.773
LNN,large,15,-3.763,17.246,944,-155.818,1398.941
SENEA,large,22,-19.702,24.675,701,-208.996,1059.898
OI,small,68,-23.759,70.781,885,-208.550,1417.725
MCB,mid,8,4.880,13.635,192,-3.894,258.324
CRVS,small,5,-5.377,5.784,247,17.353,355.012
IGIC,mid,0,0.000,0.000,208,-92.858,260.106
COLL,mid,7,-0.888,11.846,260,-25.980,322.465
WVE,small,18,-3.016,29.509,255,3.585,319.351
LUXE,small,11,5.817,19.288,120,-11.065,146.440
NHP,skip,0,0,0,0,0,0
MGTX,small,5,-2.871,6.609,184,-15.161,254.596
NPKI,small,21,3.066,34.863,917,-239.121,1209.948
RIOFF,micro,4,-2.228,5.351,116,-41.014,155.371
AMTB,mid,4,0.920,7.345,186,-16.277,247.281
FINV,micro,12,-3.513,20.601,220,-79.673,304.010
LWLG,small,13,3.031,23.232,478,4.233,554.640
FRNM,small,0,0.000,0.000,39,-97.719,1223.147
TEN,mid,27,0.350,18.304,624,-78.791,920.062
CRAI,large,23,15.187,46.739,689,-179.238,942.023
CMRF,micro,0,0.000,0.000,10,-6.183,21.631
ELE,small,0,0.000,0.000,132,-22.413,140.186
SAFE,small,60,0.826,151.651,922,-149.302,1480.657
ESQ,large,1,1.195,1.429,231,-93.110,253.820
SIFY,small,37,10.583,70.746,663,-32.953,832.237
OMDA,mid,1,-1.070,1.144,7,-6.267,6.557
WLDN,mid,33,-22.964,30.800,506,-67.539,712.457
TBN,mid,0,0.000,0.000,29,-18.434,24.809
GNK,mid,8,10.697,30.258,280,-61.457,404.658
FSBC,mid,4,-0.878,1.703,97,-23.890,81.399
CFFN,small,38,-35.823,53.439,710,-186.282,1012.119
CLBK,small,6,-6.924,7.991,177,-30.335,274.037
SVRA,small,15,2.728,29.535,213,-42.423,227.031
AVO,small,3,-2.020,2.786,142,-31.860,207.218
RHLD,large,1,1.368,1.872,11,8.629,26.781
ITRN,mid,17,-5.236,30.142,532,-65.778,774.485
GDRX,micro,6,-1.501,3.695,115,14.457,194.463
BOW,mid,0,0.000,0.000,40,3.172,45.849
SECZ,skip,0,0,0,0,0,0
RZLV,micro,6,-4.068,5.251,101,-255.769,3228.925
XIFR,small,10,-6.963,13.976,284,-29.023,489.932
AGBK,skip,0,0,0,0,0,0
IVA,micro,3,2.110,3.663,128,-6.887,161.361
PSEC,micro,17,11.569,38.483,560,-223.238,1140.210
LXRX,micro,30,2.209,52.627,653,-76.887,852.934
GTM,micro,20,14.651,36.541,158,18.945,338.662
NUTX,large,9,-6.103,12.247,90,-10.045,98.040
LAC,micro,0,0.000,0.000,50,-18.923,55.744
PRCT,mid,0,0.000,0.000,89,2.815,140.092
LMRI,skip,0,0,0,0,0,0
PXED,skip,0,0,0,0,0,0
ELVR,skip,0,0,0,0,0,0
VRTS,large,18,8.303,22.485,430,-49.224,638.732
MSEX,mid,187,-136.527,200.588,1360,-478.458,1407.287
EVLV,small,5,3.253,14.157,147,-9.575,235.070
FPF,small,6,-4.906,9.459,312,-59.534,572.365
MALG,micro,65,45.193,229.037,293,-279.105,4280.085
CGEM,small,1,-1.036,1.074,112,3.370,128.225
TUYA,micro,9,-11.171,13.872,120,-54.399,199.720
MBWM,mid,7,1.538,9.783,674,-109.109,864.651
DAKT,mid,38,-10.168,52.246,826,-133.593,1162.303
EQBK,mid,3,3.286,3.900,247,-80.013,300.680
OCSL,small,19,-7.627,19.537,452,-91.435,672.865
EVC,small,25,-0.118,64.086,647,-64.388,997.295
NMAX,small,3,-0.998,3.496,16,-12.132,14.501
HBNC,mid,18,-10.962,32.990,637,-159.227,945.174
ABR,small,27,2.065,46.528,535,-103.349,844.272
TBLA,micro,7,-3.276,7.830,105,-14.022,166.059
GRPN,mid,32,6.584,43.711,379,22.044,641.336
LAR,small,28,-3.521,59.432,416,-78.965,499.084
ETW,small,5,-3.172,7.285,520,-239.060,933.955
CCNE,mid,18,6.380,28.630,811,-151.044,1301.745
CHI,small,24,-4.836,28.446,601,-221.623,1121.641
PTA,small,11,20.544,40.454,134,-16.507,211.961
KFRC,mid,28,-10.186,27.508,791,-90.440,1152.548
ASTE,mid,31,10.640,65.128,1012,-171.005,1509.993
BFST,mid,7,10.006,25.408,175,-55.260,170.427
ASST,small,16,-1.103,14.894,73,-8.579,96.510
CSIQ,small,21,-5.832,31.350,477,-50.027,682.729
SBR,mid,21,2.907,14.377,1102,-242.789,1444.806
CHY,small,27,4.248,13.737,588,-206.321,1146.229
VMET,skip,0,0,0,0,0,0
YKCLY,skip,0,0,0,0,0,0
AEBI,small,0,0.000,0.000,9,-5.958,6.353
SVC,small,29,12.073,85.695,793,-163.016,1378.681
CPF,mid,12,6.434,34.756,976,-215.261,1412.287
RJET,mid,17,10.216,35.188,191,15.916,270.079
HEPS,micro,8,-2.745,8.889,98,-16.696,92.656
RAJAF,small,0,0.000,0.000,3,-0.978,0.329
CPAC,small,15,0.341,44.180,347,-86.741,449.671
BKSY,mid,5,-4.077,7.754,151,-25.634,183.338
ACEL,small,9,12.414,35.801,207,-143.426,425.477
BVS,small,14,-14.535,15.091,135,-26.519,154.641
ABX,small,9,9.506,23.619,134,-183.497,786.801
BLMN,small,5,-4.498,5.014,319,-57.088,438.960
APMD,skip,0,0,0,0,0,0
CII,mid,11,-1.168,10.797,565,-197.103,1126.733
NBBK,mid,1,-1.095,1.200,47,-15.276,76.687
WYFI,mid,0,0.000,0.000,10,2.111,8.722
CRON,micro,0,0.000,0.000,185,-49.952,224.974
CAC,mid,16,-9.248,24.435,721,-40.412,1245.704
AVTX,small,25,-12.985,36.049,275,-29.891,346.232
OLMA,small,10,0.297,19.313,108,28.052,175.529
EYPT,small,34,-16.216,43.802,532,-17.443,686.589
REPL,small,9,-5.577,5.147,187,-16.781,265.431
ODTX,skip,0,0,0,0,0,0
SBGI,small,58,-12.971,90.988,791,-160.661,1085.216
FSCO,small,0,0.000,0.000,71,-10.884,123.720
GERN,micro,28,10.090,33.820,755,-268.207,1036.935
RPC,small,1,0.823,0.677,95,-23.610,162.960
SMPL,small,1,-1.098,1.205,215,-11.489,336.950
BTX,small,0,0.000,0.000,118,-32.903,210.631
BBSI,mid,41,-13.901,70.351,840,-198.715,1256.449
CSR,mid,16,13.209,39.436,714,-103.736,884.785
GSBD,small,13,-1.520,1.618,273,-94.714,438.180
JBSS,mid,24,3.915,7.933,875,-80.379,1141.896
KOP,mid,26,-9.124,17.056,504,-102.068,749.941
HTLD,small,2,-0.917,1.598,1003,-286.579,1251.102
HSLV,skip,0,0,0,0,0,0
CRML,small,4,-2.205,4.082,101,-172.007,1959.259
NPK,large,38,-28.751,53.740,1174,-192.777,1975.538
BV,small,1,-0.253,0.064,211,-37.326,323.715
CIM,small,27,3.967,49.988,440,-65.542,815.951
ANRO,mid,0,0.000,0.000,43,-22.657,38.502
RNP,mid,27,7.907,71.189,597,-196.820,1090.525
THFF,mid,11,4.523,12.352,847,-193.380,974.402
BBN,small,14,-7.113,25.351,396,-134.953,706.501
OPK,micro,26,-4.391,23.235,779,-396.227,1321.430
BMEZ,small,7,-8.800,11.069,147,8.571,239.324
VLRS,small,38,-7.121,44.052,297,-56.709,516.717
PZZA,mid,16,4.558,27.848,836,-190.990,1219.916
LTGHY,micro,32,-380.878,10095.911,303,-220.007,2969.546
AOSL,mid,13,-11.744,14.562,406,-52.501,609.462
TRST,mid,18,-17.546,20.071,1098,-216.024,1126.235
SBSI,mid,4,1.465,3.985,701,-166.289,846.137
CEVA,mid,10,1.546,22.524,614,-85.087,931.048
JANX,small,3,1.169,0.479,94,-22.240,101.734
RDVT,mid,8,-8.252,8.512,203,-54.166,239.178
ROOT,mid,4,4.084,12.555,116,8.033,148.833
MPB,mid,71,-22.075,240.922,731,-158.574,1494.568
AIIR,small,6,-24.177,97.556,4,-4.245,13.356
SANA,micro,8,-4.874,10.709,117,1.388,136.880
NNE,small,0,0.000,0.000,35,-5.242,36.180
PDS,mid,63,-4.409,101.976,762,-64.827,1277.437
TALMF,small,0,0.000,0.000,13,0.946,13.841
UTL,mid,53,-20.543,69.324,1044,-228.447,1687.944
REF,skip,0,0,0,0,0,0
NX,mid,27,-6.156,46.117,1181,-175.191,1902.610
HAFC,mid,21,22.943,57.881,796,-158.261,1138.282
FMCB,large,57,-19.229,278.677,611,-298.237,2991.433
GLIBA,mid,0,0.000,0.000,13,0.938,27.654
RERE,micro,11,-4.463,11.479,109,-37.734,110.310
TK,small,17,0.967,20.746,788,-173.754,1363.172
CSTL,mid,9,-2.430,13.630,150,-30.251,182.981
ENVX,micro,6,-6.170,6.738,125,-3.248,163.901
JBGS,small,0,0.000,0.000,209,-33.567,296.192
MCS,mid,59,3.505,81.462,1181,-234.898,1606.039
FMNB,small,9,5.967,22.989,687,-162.457,955.725
SWRD,micro,60,30.406,172.450,525,-172.359,5318.538
KODK,small,12,6.912,30.368,300,-24.377,417.050
BZH,mid,30,-15.041,23.436,834,-112.260,1408.260
NABL,micro,5,-1.825,1.046,110,-22.312,187.316
MFA,small,20,1.734,43.222,688,-175.010,1061.085
MSSHY,skip,0,0,0,0,0,0
OMER,small,29,-7.539,24.261,431,-40.893,646.132
SYNSY,skip,0,0,0,0,0,0
TROX,small,22,-19.766,23.496,372,-29.441,619.307
LUCK,small,0,0.000,0.000,117,-30.222,157.625
EVEX,micro,4,-4.720,5.577,81,-3.065,110.831
NXDR,micro,12,4.972,31.019,104,-37.705,138.781
BCX,small,21,-7.682,18.237,393,-105.047,752.936
FCBC,mid,11,-1.924,10.350,796,-171.007,1041.301
HRTG,mid,13,-2.511,17.327,299,-11.288,508.027
BAK,micro,41,-13.560,88.728,678,-120.476,1260.307
MTUS,mid,14,-3.673,15.585,317,-26.278,477.044
ABUS,micro,16,-10.800,16.961,447,-87.240,573.171
DEC,small,0,0.000,0.000,123,-15.789,171.627
WGO,mid,58,-23.331,79.194,1363,-118.881,2077.524
EIG,mid,28,-17.832,26.924,492,-106.561,673.601
SMBK,mid,22,33.508,117.894,551,-2.573,1118.635
CVLG,mid,35,-2.160,39.645,802,-90.288,1196.603
APOG,mid,71,-18.711,112.771,1358,-292.425,1830.005
AIO,mid,2,2.589,3.838,170,-25.047,292.023
WRLD,large,17,3.927,12.910,856,-188.595,1212.394
HTD,mid,30,7.924,75.669,567,-182.866,1057.584
CCBG,mid,0,0.000,0.000,776,-196.328,808.455
KBDC,small,1,0.588,0.345,29,-7.569,34.510
SOC,micro,6,-2.616,6.293,105,-171.719,978.058
AHCO,small,8,-2.783,16.750,187,-63.300,505.917
OXLC,small,14,3.795,46.259,375,15.481,766.455
GSBC,mid,7,6.783,21.006,931,-165.941,1249.250
ACRS,small,9,-3.950,5.688,261,-7.613,432.973
AMPH,mid,19,1.166,12.876,306,-74.304,441.752
QNST,mid,3,2.769,10.461,382,-35.904,604.479
CCXI,skip,0,0,0,0,0,0
DQ,small,24,-9.697,33.948,392,-39.103,515.508
BBDC,small,30,-8.141,38.568,486,-114.720,828.415
AWF,small,45,6.637,112.571,842,-383.527,1582.377
ANNX,small,5,-1.127,3.121,121,-14.680,167.706
TBPH,small,18,7.009,63.225,294,-20.910,402.832
GOOS,small,2,5.626,15.825,215,-26.948,318.070
ARI,small,6,6.090,12.321,435,-147.481,689.254
HTB,mid,1,0.367,0.135,321,-47.460,401.287
INMD,small,9,3.183,15.369,165,-36.064,223.814
TALK,small,6,9.103,22.364,132,-39.093,213.652
ADSE,small,4,-4.135,4.274,119,-15.159,101.197
MAMA,small,0,0.000,0.000,109,-54.877,115.229
SMBC,mid,11,5.106,14.921,810,-181.389,1245.532
GILT,small,47,16.069,121.641,842,-135.885,1264.212
PSTL,mid,5,10.997,25.555,172,-25.448,232.700
IPX,mid,0,0.000,0.000,80,-18.354,135.187
TRNS,mid,101,-24.914,116.360,1231,-321.993,1297.519
EGBN,mid,23,-4.297,58.348,675,-131.003,953.194
ARRY,small,10,0.381,5.881,136,-29.037,170.022
TIGR,micro,3,-0.864,4.974,162,-55.418,193.802
MATW,mid,15,0.237,14.247,806,-197.667,947.688
MOMO,small,7,-0.295,12.432,275,-16.138,504.246
KRT,mid,8,-5.675,6.600,125,-42.873,144.047
HIPO,mid,3,-0.798,3.902,137,-4.932,148.806
SPFI,mid,6,-5.211,5.875,164,-23.231,162.966
NAVI,small,7,-1.877,9.393,280,-24.561,465.785
SLDB,small,26,-2.349,22.227,208,15.144,301.738
FSSL,skip,0,0,0,0,0,0
DBVT,small,20,-5.062,28.427,278,13.899,437.885
ADAM,small,24,-14.929,49.533,557,-7.234,1041.377
KRNGY,micro,41,-122.959,1762.274,56,-105.528,914.787
SWIM,small,5,8.171,16.120,119,-19.838,144.556
SUPV,small,14,-0.451,38.275,241,-28.772,327.686
SKYH,small,4,-4.317,4.662,128,-27.572,276.221
VRRM,micro,8,-2.277,14.880,240,-169.430,674.938
ALRS,mid,67,-4.608,265.711,554,-300.479,4291.504
DSGN,small,7,-0.657,17.852,105,-40.153,122.357
EVER,mid,11,-6.791,13.299,195,-30.977,281.424
FISI,mid,25,19.674,80.844,673,-83.529,949.229
HPK,small,6,-1.502,10.662,191,-81.695,526.400
WOOF,micro,6,-6.661,7.396,120,3.424,198.450
FET,mid,19,11.743,44.581,371,-19.649,607.374
ANL,small,2,1.895,9.715,37,-8.736,26.956
KDK,skip,0,0,0,0,0,0
SABR,micro,26,8.615,63.896,289,-47.802,500.190
GLAS,small,13,7.611,34.379,163,-148.456,2172.320
HSTM,mid,9,-0.498,10.847,656,-136.866,804.612
IBTA,mid,8,15.391,53.265,42,-2.944,92.530
DJCO,large,96,-21.237,324.312,994,-272.264,2038.690
ARKO,small,7,5.059,10.364,168,-60.866,239.809
PKE,mid,69,-9.025,97.684,1169,-131.308,2023.650
ONT,small,17,-7.231,17.817,140,14.489,218.577
BCSF,small,5,0.374,10.668,168,-41.444,234.639
FOXF,mid,13,3.211,22.162,335,-27.847,548.637
HPP,small,27,-3.777,35.266,376,-48.456,539.917
EOI,mid,12,-0.710,29.386,542,-120.526,1001.206
SCHL,mid,55,-18.483,66.379,866,-159.455,1308.753
CODI,small,17,3.197,40.580,505,-102.124,775.795
HOV,large,32,-11.780,42.799,1087,64.318,1875.802
YALA,small,5,-0.667,3.888,131,-5.842,123.509
GCMG,small,13,-0.375,18.852,163,-88.016,541.267
KURA,small,3,-3.130,3.266,260,-49.146,325.444
CTO,mid,135,-75.357,235.774,1175,-468.846,1863.447
CAPL,mid,2,-1.664,1.512,349,-51.455,432.778
OGG,micro,80,-10.811,226.406,256,-64.921,542.512
JKS,small,6,7.136,22.898,386,-24.396,565.755
DSP,small,8,1.420,6.939,127,-20.689,148.531
MQY,small,35,-23.876,41.113,856,-460.888,1713.097
SXC,small,20,-6.097,17.039,380,-74.410,585.562
ACDC,micro,6,5.195,22.928,97,-20.447,150.938
TDUP,micro,9,-5.731,7.901,98,-12.219,170.264
SIBN,small,15,3.858,19.061,184,-41.599,275.958
HZO,mid,21,-18.950,22.304,717,-91.398,1147.962
BLDP,micro,43,20.480,91.811,746,-125.870,1111.975
ANGX,skip,0,0,0,0,0,0
HBIA,mid,33,-5.119,183.781,356,-572.913,3723.700
MNPR,large,3,-3.087,3.177,131,-17.746,165.159
HDL,small,1,0.819,0.671,41,0.964,100.437
IBCP,mid,64,-12.788,60.677,1031,-259.052,1198.326
AVR,small,0,0.000,0.000,22,-12.797,25.396
SGP,skip,0,0,0,0,0,0
FWRG,small,1,-1.123,1.261,105,-22.078,135.781
MFIC,small,20,2.460,40.601,549,-128.644,877.837
MEGI,small,19,-15.389,23.722,105,14.509,220.992
MTA,small,52,15.163,127.016,389,-37.828,865.687
KRNT,small,10,-1.523,13.284,261,-54.896,320.382
THQ,small,11,-9.979,13.675,294,-78.793,503.865
FEIM,mid,41,17.881,90.118,1169,-79.067,1801.518
DRUG,mid,6,2.785,7.907,130,-18.753,125.140
CARE,mid,11,-3.490,8.260,467,-168.488,736.269
MITK,small,53,-7.618,76.911,957,-108.744,1244.981
FFC,small,27,-20.348,29.794,581,-129.217,1191.220
CRESY,small,33,6.606,64.841,735,-100.208,1202.206
PSIX,mid,27,-2.331,33.773,346,34.709,687.997
ABTC,small,14,-6.794,20.341,224,42.833,400.620
SSYS,small,13,-3.010,24.429,772,-157.264,1115.210
CYRX,small,11,-4.925,8.440,522,-30.677,667.378
JBI,small,4,-0.577,0.295,144,-14.088,202.954
MNTN,small,0,0.000,0.000,14,-12.864,14.428
FPH,small,2,-2.374,2.819,217,-8.056,297.379
HIVE,micro,23,-6.606,34.607,256,-30.870,294.379
CAZGF,micro,90,70.371,268.939,262,-173.086,2143.519
AAC,skip,0,0,0,0,0,0
FDUS,mid,32,-0.600,24.892,349,-49.759,491.307
CADL,small,1,1.509,2.277,114,-20.143,119.964
IVR,small,22,-7.559,23.361,429,-61.896,823.293
ASGI,mid,4,-1.960,6.387,145,-34.977,225.519
RMT,small,34,11.168,77.297,793,-224.829,1376.733
WASH,mid,86,-58.591,57.334,992,-288.663,1143.261
MAX,small,8,2.318,16.844,129,1.303,228.576
GDOT,small,33,-15.010,45.313,396,-100.187,600.240
HQ,skip,0,0,0,0,0,0
VTEX,micro,8,-5.889,7.132,116,-18.987,188.879
TXO,small,3,-1.032,1.854,58,6.709,86.551
WLKP,mid,22,-23.845,25.871,293,-17.623,385.145
PHAR,small,0,0.000,0.000,127,-19.518,147.289
RPD,small,16,3.166,13.330,282,-24.123,517.320
KOPN,micro,28,2.954,43.783,845,-147.305,1114.590
INN,small,25,15.559,47.422,377,-66.947,554.881
RVI,skip,0,0,0,0,0,0
NGVC,mid,29,-22.340,35.357,338,-39.252,478.504
RIGL,mid,43,6.586,57.252,658,27.528,947.061
SSII,micro,0,0.000,0.000,29,-7.253,18.895
NB,small,2,1.271,6.659,59,-19.270,61.519
CCD,mid,9,-5.774,15.656,260,-84.674,412.354
GFR,small,6,5.834,6.080,110,-173.726,1309.036
TCBX,mid,4,0.187,0.081,96,-12.658,117.010
AURA,small,8,-8.767,9.608,95,-16.717,85.522
HY,mid,7,3.149,8.727,368,-15.262,520.281
HSHP,small,0,0.000,0.000,56,-17.371,85.205
CASS,mid,6,-4.139,9.602,738,-219.727,942.626
SCZM,small,15,-5.921,30.127,355,-22.795,512.888
NIE,mid,12,2.610,16.448,470,-137.051,908.768
DXYZ,mid,1,-1.036,1.074,32,12.841,59.600
ENRD,skip,0,0,0,0,0,0
OCS,small,0,0.000,0.000,107,-180.765,2355.838
DGICA,small,5,-3.798,4.925,587,-107.564,588.261
GFUZ,skip,0,0,0,0,0,0
PEO,mid,40,-15.842,77.311,1180,-199.312,2145.792
OFRM,skip,0,0,0,0,0,0
HYLN,micro,8,4.853,28.331,144,-26.059,189.792
PAR,small,136,72.395,334.895,1101,-69.330,1773.549
INDI,micro,10,-8.581,15.463,160,-39.700,254.512
REPX,mid,31,-0.859,43.527,695,20.625,934.950
PFIS,mid,14,17.058,58.756,590,-187.820,958.632
STTK,small,13,1.718,23.131,151,19.469,240.311
MSBI,mid,6,-0.887,12.163,228,-33.680,308.208
DC,small,0,0.000,0.000,94,-45.829,97.708
ALTI,micro,2,0.758,1.171,101,-132.224,803.915
SHEN,small,22,12.534,63.749,714,-214.655,940.656
TBLD,mid,5,1.873,1.081,93,-25.801,101.662
CGBD,small,3,5.529,11.078,215,-51.174,372.550
RA,small,20,-23.891,34.672,225,-79.010,456.631
IGR,micro,35,-12.775,85.314,572,-276.391,1335.180
NGNE,mid,15,-6.747,13.795,290,-9.948,387.639
MAKO,small,82,43.569,281.102,312,-27.380,595.032
CLYM,small,0,0.000,0.000,103,-12.876,102.694
TRON,micro,8,-6.882,9.189,57,-16.815,67.290
BBOT,small,0,0.000,0.000,48,-33.382,62.681
LXU,small,68,-16.575,89.443,1193,-113.983,1864.638
CCSI,mid,12,7.135,10.520,113,-20.235,155.928
IMC,skip,0,0,0,0,0,0
SG,small,3,-3.292,3.613,86,14.965,127.992
AGMB,skip,0,0,0,0,0,0
BIT,small,21,-20.986,28.311,309,-160.399,611.737
ODD,small,3,3.097,3.374,60,5.135,105.904
RSKD,small,5,3.255,12.336,118,-33.219,145.451
CCB,mid,2,1.603,1.391,182,-27.373,251.434
KRO,small,27,0.801,30.700,570,-95.220,929.323
HNRG,small,68,-19.905,363.763,652,-95.570,1105.154
PFLT,small,13,-1.624,17.589,370,-115.360,598.232
PFN,small,45,-22.504,71.026,533,-265.944,1028.152
EVO,micro,30,-9.795,45.459,563,-260.181,1331.411
CBLL,small,1,-1.038,1.077,34,-14.982,40.763
IRWD,micro,12,-10.193,9.567,394,-116.494,527.550
RBTK,small,16,-5.357,4.443,50,-28.256,85.163
VEL,small,0,0.000,0.000,155,-59.618,168.454
GYRE,small,37,-3.526,55.311,513,-54.517,698.274
NMFC,small,9,5.964,6.905,359,-94.501,506.270
HELE,mid,74,-26.479,91.963,1266,-280.243,1829.497
BCAL,mid,80,9.743,214.632,317,-273.459,7597.372
SATL,small,4,-4.172,4.352,116,-1.685,146.872
SLRC,small,3,1.350,5.341,406,-106.568,629.230
BALY,small,1,-1.064,1.132,18,-4.295,14.254
TCGLF,skip,0,0,0,0,0,0
MEC,mid,7,3.030,4.223,162,14.708,263.795
DLY,small,7,2.274,8.177,165,-64.319,256.076
BHB,mid,13,0.483,21.061,707,-207.350,976.083
CWH,small,13,2.845,30.389,236,-42.768,337.315
IMMX,small,1,-1.027,1.054,110,-40.941,107.045
WDI,small,7,14.463,30.800,123,-56.252,207.527
ALPIB,mid,33,-4.874,90.918,98,-22.087,145.979
ASC,small,5,3.440,3.368,308,-40.103,435.813
PHAT,small,9,-0.196,6.233,165,-16.091,239.362
RGNX,small,12,-12.804,13.665,259,-37.950,341.595
AHRT,small,0,0.000,0.000,328,-88.629,454.418
PINWF,small,72,-518.741,17953.185,56,-47.837,744.132
CGNT,small,3,-0.962,0.400,129,-30.450,207.097
ALOY,small,68,-27.395,90.319,182,-96.814,850.211
ALIT,small,6,-1.206,10.723,132,19.617,229.057
ACHV,small,57,-3.024,102.083,786,10.567,1226.074
AROW,mid,17,-6.308,27.325,1153,-338.045,1203.183
FFMGF,micro,0,0.000,0.000,125,-54.149,101.293
GMRS,skip,0,0,0,0,0,0
PAXS,small,4,-3.788,9.692,94,-28.921,150.946
RRBI,large,1,-1.077,1.159,169,-33.020,209.660
CARS,small,26,-20.391,41.149,234,0.791,393.974
LDI,micro,3,1.071,0.802,115,-18.062,160.525
ADTN,small,36,-16.390,22.472,793,-223.468,1124.274
TIPT,small,1,0.572,0.327,386,-93.664,460.307
AGNT,micro,7,-0.350,13.255,191,-44.855,253.620
ALLO,micro,11,-0.108,21.997,187,-31.658,240.438
GROY,micro,1,1.804,3.255,114,-13.897,148.164
RSVR,small,6,0.694,20.872,127,-18.949,140.181
FAC,small,0,0.000,0.000,3,-0.056,9.668
ACNB,mid,1,-1.073,1.150,822,-222.870,1000.153
SWBI,small,47,-12.511,118.691,670,-136.739,920.603
PRAA,small,17,2.736,52.999,582,-40.634,1009.419
CNNE,small,12,0.672,17.264,220,-37.284,376.489
VTS,small,3,1.304,0.690,80,2.937,130.353
SMWB,small,10,-7.729,9.291,113,3.858,158.000
LEGH,mid,9,-0.901,5.268,162,-28.693,242.231
NTGR,mid,19,0.457,28.558,567,-45.054,985.962
NKX,small,66,-46.554,189.551,600,-303.293,1228.314
RYAM,small,35,-0.516,81.150,281,-7.243,495.894
CLDT,small,9,-1.598,9.163,420,-73.654,651.190
CSHR,skip,0,0,0,0,0,0
FTH,mid,2,0.954,0.946,115,-14.729,108.728
NVRI,mid,37,-9.736,58.940,1168,-196.920,1986.035
AMRQF,micro,2,-3.049,4.650,37,-24.323,55.462
VINP,small,1,-0.434,0.189,127,-21.006,144.348
DMII,skip,0,0,0,0,0,0
BWMX,small,8,-8.557,9.153,165,-46.257,654.856
NKLR,skip,0,0,0,0,0,0
CCOI,small,26,-9.839,41.988,630,-167.371,979.476
NVCT,small,5,4.262,16.753,78,-18.371,66.802
YB,small,0,0.000,0.000,15,5.968,24.174
VLGEA,mid,182,-118.975,204.893,1293,-511.280,1890.111
ISOU,small,0,0.000,0.000,225,-75.414,308.983
IIIN,mid,17,6.840,44.482,854,-75.259,1399.869
HELP,small,9,-5.326,10.067,155,8.767,190.645
ACP,small,68,-49.194,142.198,382,-95.070,786.229
OIO,micro,2,3.924,8.888,103,-442.564,33683.047
BRSP,small,10,6.749,30.462,184,-22.342,244.704
PUBM,small,16,15.935,27.402,124,-4.928,195.848
KLC,small,4,-3.021,3.460,32,12.640,86.348
BBNX,small,8,-5.464,6.863,23,12.402,43.495
VBNK,small,6,-3.449,2.464,96,-27.062,127.248
EVOH,mid,4,-113.911,3243.928,11,-24.207,841.911
LMB,mid,13,-5.259,12.433,283,-83.521,711.733
ANGO,small,32,36.692,97.533,559,-117.739,818.461
NVEC,large,56,46.488,131.664,798,-91.965,1145.750
METC,small,3,-1.080,3.506,213,-47.133,240.405
BMM,skip,0,0,0,0,0,0
IIIV,small,0,0.000,0.000,191,-24.978,244.886
ZVRA,small,13,-2.330,16.603,269,2.050,360.030
OSPN,small,36,-13.568,27.997,707,-145.476,1011.736
ETD,mid,12,4.822,21.302,852,-100.636,1228.284
CMCO,mid,32,-2.077,47.560,740,-141.703,1037.704
GPRK,small,87,-170.975,1305.444,393,-81.075,1020.971
SPPP,small,11,-7.158,13.491,310,-46.838,584.511
NCDL,small,1,1.448,2.098,46,7.044,81.070
MEI,small,51,11.761,74.414,1109,-162.861,1483.353
OBE,small,35,3.058,72.016,531,-49.688,864.559
CBNK,mid,2,1.133,0.666,184,-13.506,255.087
RGR,mid,79,8.861,109.987,1334,-274.633,1813.049
MCFT,mid,7,0.179,11.932,266,-54.566,371.641
GRNT,micro,0,0.000,0.000,124,-163.453,814.569
LOT,micro,7,1.768,4.711,123,-918.213,18219.471
TMQ,micro,11,2.217,20.305,345,-69.130,450.749
THSGF,micro,1,-1.216,1.478,120,-43.939,171.780
MDXG,micro,22,-17.465,23.522,451,-109.409,651.901
CTRN,mid,22,-4.880,39.493,535,-24.585,803.094
TRTX,small,14,2.674,28.197,203,-42.379,329.759
CTGO,small,47,-24.084,349.406,381,-32.527,2000.603
SFST,mid,20,18.839,79.649,672,-62.604,1194.304
DNA,small,3,-0.231,1.450,116,-25.405,126.839
FBIZ,mid,22,32.877,89.987,523,-100.733,845.351
GDYN,small,7,-4.453,6.543,180,-67.804,405.215
BWAY,small,18,-8.198,24.981,157,-14.719,220.394
UNTY,mid,13,15.682,58.422,760,-142.800,1045.396
NRIM,mid,21,-8.844,38.170,876,-202.809,1153.949
NDMO,small,3,3.711,5.677,154,-32.250,277.576
CIVB,mid,12,6.973,13.594,770,-249.719,1532.674
EVAC,small,0,0.000,0.000,3,-8.854,27.422
GCBC,mid,10,-11.690,13.829,692,-220.816,1114.712
CXII,skip,0,0,0,0,0,0
BCSS,skip,0,0,0,0,0,0
NRDS,small,11,-2.174,4.010,86,-17.054,148.614
DDD,micro,74,31.964,166.849,984,-88.252,1575.611
KRUS,mid,11,-9.457,9.553,147,-28.549,203.219
FAX,small,32,-1.224,43.145,1023,-299.612,1720.752
PKOH,mid,80,-6.063,96.151,1358,-114.414,1759.765
CEPF,small,0,0.000,0.000,3,-5.051,10.168
OOMA,mid,9,1.370,9.790,280,-53.292,334.501
TLRY,micro,11,-2.128,19.007,194,-0.478,248.555
IIM,small,58,-36.190,63.188,827,-516.476,1668.182
GOOD,small,18,10.104,36.713,566,-159.137,788.961
WHK,skip,0,0,0,0,0,0
DDI,small,0,0.000,0.000,107,-32.336,113.829
MPLT,skip,0,0,0,0,0,0
ALT,micro,12,3.120,28.135,208,-17.176,254.941
BWB,mid,0,0.000,0.000,214,-31.898,323.546
FVR,small,0,0.000,0.000,28,-16.898,20.280
CRMD,small,11,2.353,16.415,395,-27.437,528.712
ILPT,small,14,-6.551,17.244,188,1.554,327.777
XMAX,small,26,-6.828,48.149,365,-41.223,466.941
CTNM,small,5,-5.127,5.257,33,-1.817,39.999
CBIO,small,17,-3.177,19.152,315,17.808,442.306
TASK,small,2,-0.722,1.303,108,-14.570,188.171
UHT,mid,9,7.988,9.381,999,-295.246,1394.466
NFGC,micro,5,-3.011,7.602,141,-62.853,177.832
NEXN,small,27,-9.155,19.557,100,-29.529,131.086
RHNO,small,17,-1.677,11.499,49,-12.024,249.011
NMCO,small,20,13.752,46.708,158,-56.048,291.964
BTQ,skip,0,0,0,0,0,0
BTGO,skip,0,0,0,0,0,0
OXM,mid,47,-8.668,71.685,1173,-31.802,2265.040
MLAB,large,151,-115.778,133.436,1066,-262.370,1336.227
IHRT,micro,8,5.673,18.821,171,-52.319,230.195
YEXT,small,15,-11.548,23.882,236,-25.960,379.511
RWT,micro,27,7.399,64.980,760,-354.458,1448.473
BXC,mid,36,2.540,45.303,534,-24.108,848.134
NML,small,9,2.658,20.371,334,-79.406,572.427
AEXA,skip,0,0,0,0,0,0
ETJ,small,9,-1.025,24.265,479,-204.773,802.586
ARTV,small,5,-0.638,6.590,36,-16.969,34.972
NOAH,small,9,-6.663,9.995,357,-56.607,496.928
AIOT,micro,52,-15.208,96.184,708,-161.790,975.574
RLMD,micro,26,4.818,40.877,276,-28.020,387.714
HUYA,micro,6,-6.668,7.637,178,-21.250,271.627
TECX,mid,4,3.197,3.065,190,-11.666,268.096
CPS,mid,36,23.208,111.179,422,-32.915,728.478
AMSF,mid,9,5.670,36.860,486,-117.065,592.302
DBCA,skip,0,0,0,0,0,0
ELA,small,18,-5.956,27.699,866,-88.786,1381.393
TATT,mid,73,-3.603,61.451,990,-109.752,1167.786
KIDS,mid,0,0.000,0.000,197,-16.248,255.100
VGM,small,64,-66.610,133.028,878,-514.749,1753.959
ARVN,small,16,-10.366,15.494,172,-10.121,240.665
BDN,micro,24,-7.099,56.106,1022,-399.083,1974.863
SLI,micro,11,10.302,20.765,188,-31.803,263.784
SFIX,micro,9,-4.002,20.891,194,-28.978,246.533
XRN,mid,6,-3.399,5.594,262,-4.416,477.482
PRME,micro,7,-2.814,9.407,82,-0.413,99.926
ADUR,small,0,0.000,0.000,34,-11.243,31.900
MMU,small,35,-25.194,76.279,838,-483.542,1277.560
NRGV,micro,4,2.973,10.205,128,-18.862,183.024
ASIX,small,20,14.862,72.068,221,19.174,394.879
PRTH,small,10,-0.621,24.202,223,-82.490,1293.659
ITIC,large,6,-1.158,12.954,1015,-266.036,1486.635
AMCX,small,1,-0.907,0.823,358,-63.843,489.109
LAES,micro,0,0.000,0.000,56,7.859,70.565
FDMT,small,7,-5.862,7.315,136,-15.074,198.421
MRRDF,micro,46,-72.792,205.609,184,-186.255,2034.364
TMS,small,0,0.000,0.000,10,-42.263,374.761
VALN,small,2,-2.178,2.372,117,-17.442,156.439
BWFG,mid,14,7.363,53.070,353,-145.491,727.202
THW,small,6,-1.597,7.547,262,-79.564,418.638
NIKA,micro,30,-215.297,3519.407,31,2.153,89.113
DNUT,micro,4,5.534,10.389,117,-40.923,175.677
AXG,micro,2,1.959,1.945,56,-13.013,53.852
ESEA,mid,9,3.605,8.711,502,-58.640,589.589
CTKB,micro,17,-19.862,23.215,103,-2.069,148.645
ACIC,small,38,-23.642,65.679,444,-94.994,833.774
HKD,micro,6,-1.233,7.720,96,-33.882,108.288
ZURA,small,3,0.676,2.576,72,5.076,103.318
BSRR,mid,29,-17.928,28.702,779,-164.023,1019.880
ROMA,small,0,0.000,0.000,44,-27.213,37.817
SOPH,small,1,2.386,5.694,118,-38.957,122.501
QUAD,small,37,18.140,65.618,388,-77.188,547.652
RMAX,small,30,-8.608,50.240,315,-66.191,480.023
SPRY,small,18,-18.301,21.118,116,-11.212,176.749
KELYA,small,47,-34.135,56.907,1181,-254.981,1492.645
SGMT,small,0,0.000,0.000,59,-17.592,68.814
ASMB,mid,30,9.122,46.054,384,-48.889,511.112
BGY,small,19,-8.257,24.135,470,-118.665,961.093
NUAI,small,3,-3.089,3.181,90,-213.119,1506.506
WRN,micro,22,-10.000,24.595,510,-48.655,695.280
FISN,skip,0,0,0,0,0,0
OLP,mid,47,-18.153,101.484,1094,-291.231,1853.921
EIKN,skip,0,0,0,0,0,0
MATV,small,69,-55.558,78.080,783,-154.084,1388.963
SRTA,small,8,-4.650,16.549,158,-40.968,264.414
OBT,mid,100,-217.232,1885.856,524,-636.472,9855.932
WNC,small,37,-10.249,39.543,866,-121.556,1409.992
VCV,small,60,-12.099,125.274,838,-545.229,1807.963
SPT,small,7,10.354,18.003,160,-4.867,295.404
SLN,small,14,-5.315,13.442,120,-15.109,128.074
IDR,mid,3,0.888,10.909,685,-114.976,867.145
VREX,small,20,-15.725,17.389,205,-25.058,335.648
ETO,mid,38,-36.547,56.951,549,-114.549,1121.772
MSIF,small,0,0.000,0.000,16,-7.538,13.230
VITL,small,4,0.064,1.719,145,0.830,224.206
DCBO,mid,4,-0.204,9.073,137,-2.593,249.084
MUA,small,38,-49.108,66.869,808,-451.321,1437.910
GLRE,small,29,2.017,20.132,481,-97.955,544.810
GEMI,skip,0,0,0,0,0,0
HKHC,mid,71,45.604,263.397,645,-44.318,1384.005
GCGR,skip,0,0,0,0,0,0
TOI,small,13,-1.840,12.672,113,-25.760,133.557
LOCO,small,9,-2.258,4.641,274,-17.646,456.925
IGD,small,28,-30.952,44.626,522,-189.778,1008.446
VSTM,small,27,-7.388,37.112,385,-13.371,530.580
GUG,small,0,0.000,0.000,88,-37.302,107.384
PAYS,small,33,11.732,57.941,419,-43.208,704.264
TWN,mid,53,-24.783,49.289,1000,-144.471,1965.905
EACO,large,155,-46.522,460.815,933,-117.636,2505.294
COFS,mid,43,21.729,158.076,600,-175.230,2176.080
FLGT,small,13,7.933,28.193,247,-27.704,295.522
JOUT,mid,22,-5.197,33.074,982,-160.564,1387.844
OIS,small,20,1.486,41.220,613,-100.690,1001.444
CLB,small,31,-13.300,47.755,787,-176.163,1230.014
IFN,small,42,21.921,137.277,826,-173.022,1588.085
NWAX,skip,0,0,0,0,0,0
MG,small,25,-7.047,29.186,393,-82.475,581.611
MCTA,skip,0,0,0,0,0,0
AMFN,micro,70,26.035,224.819,572,-153.994,873.250
GAU,micro,28,-10.819,49.580,437,-119.505,584.131
AIIO,micro,9,-0.952,12.134,157,-195.476,1528.801
YORW,mid,5,-3.283,6.038,677,-205.993,701.089
CLMB,mid,28,-1.365,37.840,789,-184.018,973.160
MEVO,skip,0,0,0,0,0,0
FTHY,small,2,2.308,4.149,144,-58.680,206.764
VREOF,small,8,1.757,4.533,148,-27.163,124.657
BIOA,small,0,0.000,0.000,34,-5.137,47.617
SPIR,small,1,-1.097,1.203,127,-13.347,174.120
SD,small,8,3.089,6.051,233,-54.764,355.504
EIM,small,39,-39.296,55.284,602,-291.533,1186.965
PROK,micro,3,-3.730,4.639,106,-59.915,559.776
AUTL,micro,20,-7.077,25.794,180,-43.347,220.819
DDL,micro,5,-5.766,6.654,108,-4.453,119.158
BLW,small,56,-17.306,97.205,600,-297.968,1127.634
BBCP,small,12,-13.239,14.610,192,-69.758,289.920
RNLXY,micro,24,-12.839,16.313,130,8.814,186.021
PBAM,mid,63,-2.282,196.528,341,-216.683,1221.738
TENX,small,45,18.348,92.489,813,26.953,996.978
PWRL,skip,0,0,0,0,0,0
WTI,micro,14,4.722,27.583,554,-89.377,870.344
QTTB,small,30,-2.376,64.609,191,3.467,287.691
MAGN,small,58,11.376,96.702,1167,-317.100,1926.891
IBEX,mid,1,0.898,0.806,142,-42.571,156.301
CBK,skip,0,0,0,0,0,0
BTBT,micro,7,-6.303,9.259,176,-83.472,228.056
ULH,mid,24,9.771,66.100,553,-109.360,683.163
FWRD,small,34,-2.070,93.424,800,-175.211,1272.825
FCCN,small,0,0.000,0.000,39,-2.905,38.866
KRSP,skip,0,0,0,0,0,0
WTBA,mid,25,-11.498,90.090,676,-150.369,858.150
OVID,micro,15,1.587,26.418,220,-41.430,264.406
CAL,small,50,-16.195,59.726,1175,-231.633,1974.020
BSVN,mid,3,-0.725,3.779,196,-71.107,224.917
GHY,small,14,4.109,26.942,324,-96.301,658.407
QNC,skip,0,0,0,0,0,0
EVGO,micro,10,-9.432,16.469,129,-30.656,251.019
GIW,skip,0,0,0,0,0,0
OWLS,skip,0,0,0,0,0,0
NMAI,small,2,0.302,4.469,85,-40.851,148.530
PANL,small,12,1.503,20.779,306,-40.811,389.555
ANSC,small,0,0.000,0.000,50,-174.542,678.398
CRAN,skip,0,0,0,0,0,0
AQST,micro,14,-4.410,9.026,202,-37.903,264.874
CWCO,mid,6,-5.238,5.939,775,-130.270,1019.553
PACK,small,15,-6.751,13.156,201,2.368,456.318
BWMN,mid,7,6.561,10.532,129,-29.159,133.475
FMAO,mid,15,-24.219,51.919,484,-186.734,962.817
SERV,small,0,0.000,0.000,44,-12.308,48.237
ELMT,skip,0,0,0,0,0,0
GTEN,small,0,0.000,0.000,9,-29.164,117.140
TREE,mid,26,-2.309,48.021,456,-58.273,750.179
SVMB,micro,0,0.000,0.000,85,-53.133,393.707
NPCE,small,13,-13.553,14.129,112,-14.221,117.150
BMRC,mid,14,-15.430,18.968,645,-159.148,833.773
EVMN,skip,0,0,0,0,0,0
SLDP,micro,7,3.832,17.428,109,16.569,182.168
CBAN,mid,37,-29.539,41.427,719,-118.989,1051.999
ELVA,small,23,10.962,80.364,400,86.988,848.509
SI,mid,0,0.000,0.000,2,-2.074,2.151
KREF,small,6,-2.045,5.980,239,-48.591,419.461
ASTL,micro,4,-3.937,4.481,99,-31.178,151.672
CMDB,small,0,0.000,0.000,13,3.006,23.914
APXT,skip,0,0,0,0,0,0
HVT,mid,75,-20.878,99.062,1175,-207.254,1545.263
FFA,mid,15,-8.297,12.635,544,-150.397,998.025
RZLT,micro,22,-5.482,22.272,345,-47.369,494.331
TITN,small,11,-2.392,14.397,445,-15.968,670.623
KYTX,small,3,1.648,1.334,49,-20.896,42.247
ERII,small,5,-5.699,6.509,457,-37.425,713.409
CLFD,mid,77,-17.689,171.951,960,-134.216,1200.056
HPS,small,45,-5.252,101.918,574,-209.422,1254.287
QMCO,small,33,-2.292,38.067,697,-56.545,1022.215
ZNOG,micro,34,-36.925,76.141,458,-75.919,646.043
SEAH,skip,0,0,0,0,0,0
VVR,micro,50,-59.027,110.803,709,-559.653,1614.065
RBB,mid,16,13.882,50.144,216,-23.897,302.022
ETB,small,13,-6.986,16.277,522,-48.346,969.715
CINT,micro,8,-3.413,14.325,114,-2.185,183.529
FBYD,small,0,0.000,0.000,58,-4.999,68.642
LWAY,mid,22,2.367,46.684,929,-87.516,1207.652
FGOVF,micro,89,-108.279,3904.224,611,-324.956,2517.008
GSKRF,micro,51,-31.746,204.132,253,-123.744,2250.226
KIO,small,51,-17.159,113.005,337,-111.842,732.589
NMG,micro,5,-4.517,9.429,118,-19.546,158.023
DIN,mid,16,10.337,44.116,879,-153.124,1288.975
LOGC,small,1,0.667,0.445,138,-14.919,158.204
CZNC,mid,20,19.217,77.767,782,-205.027,1058.998
CERS,micro,36,-7.920,59.322,747,-145.576,1134.316
ZKH,micro,0,0.000,0.000,42,-8.105,40.510
ECX,micro,5,-1.666,7.261,120,-501.275,8113.673
RMNI,small,26,-16.184,19.149,259,-106.472,821.251
GOTU,micro,9,-6.666,9.654,186,-22.222,347.678
STRZ,mid,1,-1.025,1.051,14,-8.364,10.762
OTLY,small,17,3.971,29.998,95,-4.781,132.849
IEAG,skip,0,0,0,0,0,0
CNCK,micro,3,-1.216,3.438,103,-530.351,7699.335
KBON,skip,0,0,0,0,0,0
NPFD,small,1,0.816,0.666,104,-30.286,191.734
ACTG,micro,29,-5.103,21.172,577,-170.334,756.024
GCO,mid,86,-33.353,97.451,1363,-189.316,1924.013
PRTA,small,23,-9.330,28.680,325,-50.604,396.229
CABA,micro,12,6.416,29.512,157,-6.784,215.229
BBBY,micro,37,-17.679,30.212,603,-135.579,867.621
MBVI,skip,0,0,0,0,0,0
BNED,small,18,0.972,41.111,264,-43.463,444.870
GRVY,mid,16,-4.865,23.698,543,-43.944,656.638
CTEV,mid,12,-8.385,20.601,156,32.102,256.100
BOC,small,9,-10.252,11.680,197,-37.590,263.182
DCTH,small,23,25.762,94.156,187,0.198,260.479
GMTL,skip,0,0,0,0,0,0
NEWT,small,16,-0.167,26.419,664,-145.910,875.767
NNNN,small,0,0.000,0.000,22,-3.126,20.280
CHCT,small,10,6.099,24.233,249,-23.925,399.133
NRC,mid,9,0.594,11.942,319,-44.877,402.354
OCGN,micro,8,-0.187,10.559,277,-51.662,322.663
IACO,skip,0,0,0,0,0,0
AIRJ,small,10,-7.684,13.547,109,-132.456,776.557
TLNC,skip,0,0,0,0,0,0
MESH,skip,0,0,0,0,0,0
PHOE,small,0,0.000,0.000,11,-4.649,5.366
PBFS,small,0,0.000,0.000,165,-31.481,128.767
KRAQ,skip,0,0,0,0,0,0
HNST,small,3,-3.287,3.604,98,13.178,157.172
FPI,small,12,-8.801,7.847,295,-55.895,429.197
LRMR,micro,30,5.667,37.927,290,-26.928,403.860
PLBC,mid,12,18.399,56.722,602,-143.331,819.964
EDIT,micro,5,6.091,12.888,245,-60.418,318.022
DFP,mid,15,-14.159,27.944,318,-76.981,603.825
ORN,small,19,-16.750,24.228,455,-46.150,748.961
CYH,micro,33,-9.775,58.554,655,-175.525,1082.682
SMC,mid,16,-1.536,25.144,339,42.637,579.407
EPRX,small,0,0.000,0.000,34,-8.931,33.640
GBLI,mid,5,0.036,2.027,561,-111.362,669.312
BNTC,small,10,8.481,29.118,313,-46.374,357.540
ADV,mid,14,7.447,47.791,132,21.295,233.390
SHOE,small,28,9.457,57.194,853,-74.930,1092.799
FRPH,mid,25,-6.258,79.766,999,-261.962,1650.042
PTOR,skip,0,0,0,0,0,0
ISD,small,21,28.870,68.147,344,-162.387,638.900
ISTR,mid,14,1.311,15.712,292,-100.986,330.468
EVN,small,44,8.309,103.843,701,-358.882,1354.874
SGU,small,20,4.596,25.091,758,-217.774,1031.205
XRX,micro,58,-31.170,98.263,1441,-616.964,2741.011
STRO,mid,10,-4.271,7.945,187,-12.893,218.500
BUUU,mid,0,0.000,0.000,1,-0.750,0.563
CCAP,small,19,4.890,46.054,139,-38.700,249.714
FINS,small,0,0.000,0.000,169,-69.936,215.028
SOHU,small,23,-0.770,44.059,652,-114.732,936.202
KFII,small,0,0.000,0.000,14,-94.752,726.435
WILC,mid,23,8.559,79.305,743,-96.249,1083.381
PSFE,small,15,-2.233,29.092,133,-0.987,211.579
KMDA,small,28,6.000,39.958,300,-46.085,392.410
XRPN,small,0,0.000,0.000,7,-19.673,56.612
CGC,micro,12,3.008,31.672,303,-100.195,468.395
OPAL,micro,6,-4.584,5.142,109,7.448,188.503
USCB,mid,0,0.000,0.000,105,-22.356,96.195
CLBR,skip,0,0,0,0,0,0
FRST,small,14,-0.686,22.585,502,-95.096,722.772
MNRO,small,6,3.981,23.322,879,-225.906,1262.589
VHI,small,100,-49.300,130.346,1178,-22.549,2034.436
LSAK,micro,38,-0.817,69.179,677,-159.052,1031.469
MRLN,micro,0,0.000,0.000,27,-6.912,27.470
